Question,Reference,Answer
"What is the estimated total addressable market (TAM) for this sector in 2024, broken down by region and sub-sector?","Pages 9, 31, 40-42","The total revenue for the Healthcare and Social Assistance sector in the US is $3.6 trillion in 2024. Sub-sectors: Hospitals - 42%, Ambulatory healthcare services - 41%, Nursing and residential care facilities - 9%, Social assistance - 8%."
"What has been the market's average growth rate in each of the past 5 years? Is growth stable, accelerating, or decelerating?",Page 78,"Annual revenue change percentages: 2019: 3.9%, 2020: 0.1%, 2021: 4.9%, 2022: -3.9%, 2023: 2.4%. The average growth rate = 1.48%. CAGR = 0.7%. Growth is volatile, likely due to pandemic effects."
Which specific product categories or geographic regions have shown the highest growth rates over the last decade? Are there emerging sub-segments?,"Pages 21, 25, 26, 31","Emerging sub-segments include telemedicine, digital health tools, ambulatory surgery centers, mental health and substance abuse centers, and home health tools and remote monitoring equipment. Specific growth rates for product categories and geographic regions are not available."
"How are new technologies (e.g., AI, automation) influencing overall sector growth?","Pages 21, 25, 32-33","AI is being applied across healthcare facilities for identifying high-risk patients, predicting diseases, and protecting patient data. Digital health tools like telehealth, wearable technologies, and digital therapeutics are increasing, improving patient engagement, accessibility, and care efficiency."
"How have changing macroeconomic indicators (e.g., inflation, interest rates) affected purchasing power in this sector?","Pages 20, 21, 26, 36, 67, 74","Rising inflation has increased costs for devices, consumables, and pharmaceuticals, affecting providers' bottom lines. Higher interest rates and the end of pandemic-era benefits have impacted consumers' ability to afford healthcare services. Out-of-pocket health spending is expected to slow in 2024 due to economic pressures."
"Which cultural or social trends (e.g., sustainability, remote work, digitalization) are influencing demand in this market?","Pages 15, 20-21, 25-26, 32-33, 67-68","Key trends include digitalization (telemedicine, digital health tools), aging population, mental health awareness, focus on social inequities, shift to care settings outside hospitals, healthcare consolidation, and emphasis on cost savings and convenience."
How sensitive is market demand to price fluctuations in raw materials or finished goods?,-,No direct information available.
"What specific events (e.g., government regulations, trade agreements, pandemics) have triggered significant shifts in demand over the last 5 years?","Pages 15, 20, 21, 25, 31, 36, 70","Major events include the COVID-19 pandemic (impacting patient volumes and telemedicine adoption), government regulations and funding (CARES Act, Paycheck Protection Program, Medicaid changes), the No Surprises Act, economic factors like inflation, and demographic trends such as an aging population."
What is the quarterly revenue fluctuation for the top 5 players in this sector over the last 5 years? How much variation is attributed to seasonality versus other factors?,Pages 54-55,"The report lists top 5 companies (HCA Healthcare, Quest Diagnostics, Feeding America, Brookdale Senior Living, Fresenius Kabi AG) but provides only annual revenue data, not quarterly figures. Seasonality information is not available."
"Which months or quarters are most profitable, and why (e.g., holiday seasons, agricultural cycles, climate impacts)?",-,No information available.
"During economic downturns, how has demand historically contracted? What sectors have shown resilience, if any?","Pages 22, 25, 36, 78","Healthcare services show some resilience due to being vital to public health. Elective procedures tend to contract during economic downturns. Social assistance demand may increase. Mental health services have shown ongoing high demand. The sector has maintained positive growth in most years, even during challenging economic times."
What is the exact market share breakdown for the top 10 players in the sector? Provide both volume and value-based estimates.,"Pages 46, 54","Market share for top 5: HCA Healthcare (1.5%), Quest Diagnostics (0.3%), Feeding America (0.1%), Brookdale Senior Living (0.1%), Fresenius Kabi AG (0.0%). The industry has low concentration with no company holding more than 5.0% market share. Volume-based estimates not provided."
"How has the market share of smaller, niche players evolved over the last 3 years? Are there new players entering the market with innovative offerings?","Pages 19, 31, 48, 53, 71, 74","The healthcare sector in the US has traditionally been fragmented, with small and independent providers offering personalized care in local markets. No specific information on market share evolution or new players with innovative offerings."
What percentage of the market is controlled by private versus public companies?,-,"Specific information not available, but given the sector's fragmentation, it is likely dominated by private players."
"How have capital requirements changed in the last decade (e.g., new technologies, regulatory hurdles)?","Pages 25-26, 32-33, 47-48, 69-70","Capital requirements have likely increased due to investments in new technologies (digital health tools, AI, automation), compliance with regulations (HIPAA, HITECH Act), and rising labor costs. Start-up costs for healthcare facilities remain substantial but vary by facility type."
What patent or intellectual property protections do existing market leaders have that may prevent new entrants from gaining a foothold?,Pages 47-48,"The report doesn't mention specific patent or IP protections. Barriers to entry include legal barriers (complex regulatory environment), substantial start-up costs, and differentiation through patient outcomes, staff qualifications, service quality, and high-tech equipment."
"How have tariffs, trade wars, or export/import restrictions created challenges for new market entrants, especially in emerging markets?",-,No information available.