input,expected,metadata
0> What types of enterprises are included in the Healthcare and Social Assistance sector in the United States?,"The Healthcare and Social Assistance sector includes hospitals, ambulatory service providers, nursing and residential care facilities, counselors, social workers, family and welfare services, and natural disaster and emergency relief services.","{'page': 5, 'file': '62 Healthcare and Social Assistance in the US Industry Report.pdf', 'source_type': 'text', 'answer_type': 'other', 'references': '[5, 53, 10]'}"
1> How is telemedicine defined in the context of the Healthcare and Social Assistance industry?,Telemedicine is defined as an application of clinical medicine whereby medical information is transferred through interactive audiovisual media for the purpose of consulting and remote medical procedures or examinations.,"{'page': 5, 'file': '62 Healthcare and Social Assistance in the US Industry Report.pdf', 'source_type': 'text', 'answer_type': 'other', 'references': '[21, 5, 26]'}"
2> What are Health Insurance Exchanges in the US healthcare system?,Health Insurance Exchanges are sets of state-regulated and standardized healthcare plans from which individuals may purchase health insurance eligible for federal subsidies.,"{'page': 5, 'file': '62 Healthcare and Social Assistance in the US Industry Report.pdf', 'source_type': 'text', 'answer_type': 'other', 'references': '[69, 5, 36]'}"
3> What services are included in the Healthcare and Social Assistance industry in the US?,"The Healthcare and Social Assistance industry in the US includes ambulatory healthcare services, hospitals, nursing homes and residential care facilities, and social assistance.","{'page': 6, 'file': '62 Healthcare and Social Assistance in the US Industry Report.pdf', 'source_type': 'text', 'answer_type': 'other', 'references': '[10, 9, 30]'}"
4> Who are some of the major companies operating in the Healthcare and Social Assistance industry in the US?,"Major companies in the industry include Hca Healthcare, Inc., Quest Diagnostics Inc., Feeding America, Brookdale Senior Living Inc., and Fresenius Kabi AG.","{'page': 6, 'file': '62 Healthcare and Social Assistance in the US Industry Report.pdf', 'source_type': 'text', 'answer_type': 'other', 'references': '[53, 11, 30]'}"
5> What are the complementary industries to Healthcare and Social Assistance in the US?,"Complementary industries include Wholesale Trade in the US, Information in the US, and Educational Services in the US.","{'page': 6, 'file': '62 Healthcare and Social Assistance in the US Industry Report.pdf', 'source_type': 'text', 'answer_type': 'other', 'references': '[10, 53, 48]'}"
6> What are some related international industries to Healthcare and Social Assistance in the US?,"Related international industries include Global Life & Health Insurance Carriers, Hospitals in Canada, and Hospitals in Mexico.","{'page': 6, 'file': '62 Healthcare and Social Assistance in the US Industry Report.pdf', 'source_type': 'text', 'answer_type': 'other', 'references': '[5, 53, 37]'}"
7> What is the projected revenue growth rate for the US Healthcare and Social Assistance industry from 2024 to 2029?,The projected revenue growth rate for the US Healthcare and Social Assistance industry from 2024 to 2029 is 2.7%.,"{'page': 9, 'file': '62 Healthcare and Social Assistance in the US Industry Report.pdf', 'source_type': 'table', 'answer_type': 'numeric', 'references': '[16, 56, 75]'}"
"8> How many employees are there in the US Healthcare and Social Assistance industry, and what is the projected growth rate?","There are 24m employees in the US Healthcare and Social Assistance industry, with a projected growth rate of 2.3% from 2024 to 2029.","{'page': 9, 'file': '62 Healthcare and Social Assistance in the US Industry Report.pdf', 'source_type': 'table', 'answer_type': 'numeric', 'references': '[17, 15, 56]'}"
9> What is the profit and profit margin for the US Healthcare and Social Assistance industry?,"The profit for the US Healthcare and Social Assistance industry is $355.5bn, with a profit margin of 10.0%.","{'page': 9, 'file': '62 Healthcare and Social Assistance in the US Industry Report.pdf', 'source_type': 'table', 'answer_type': 'numeric', 'references': '[19, 15, 9]'}"
10> What are the primary challenges facing healthcare and social assistance providers in the US?,"The primary challenges include unprecedented challenges created by COVID-19, staffing shortages, rising costs, and the need to cater to the expanding and complex medical needs of older adults.","{'page': 9, 'file': '62 Healthcare and Social Assistance in the US Industry Report.pdf', 'source_type': 'text', 'answer_type': 'other', 'references': '[21, 36, 13]'}"
11> How is the regulatory environment characterized for the US Healthcare and Social Assistance industry?,"The industry operates within one of the most regulated environments, with a dizzying amount of federal, state, and local laws enforced by multiple agencies and regulators.","{'page': 9, 'file': '62 Healthcare and Social Assistance in the US Industry Report.pdf', 'source_type': 'text', 'answer_type': 'other', 'references': '[70, 67, 47]'}"
12> What is the largest revenue segment in the US Healthcare and Social Assistance industry for 2024?,"The largest revenue segment is Hospitals, accounting for 41.7% of the industry revenue.","{'page': 10, 'file': '62 Healthcare and Social Assistance in the US Industry Report.pdf', 'source_type': 'plot', 'answer_type': 'numeric', 'references': '[30, 35, 10]'}"
13> How does the revenue of ambulatory healthcare services compare to hospitals in the US Healthcare and Social Assistance industry?,"Ambulatory healthcare services account for 40.7% of industry revenue, slightly less than hospitals at 41.7%.","{'page': 10, 'file': '62 Healthcare and Social Assistance in the US Industry Report.pdf', 'source_type': 'plot', 'answer_type': 'numeric', 'references': '[10, 30, 31]'}"
14> What is the smallest revenue segment in the US Healthcare and Social Assistance industry for 2024?,"The smallest revenue segment is Social assistance, accounting for 8.3% of the industry revenue.","{'page': 10, 'file': '62 Healthcare and Social Assistance in the US Industry Report.pdf', 'source_type': 'plot', 'answer_type': 'numeric', 'references': '[10, 30, 35]'}"
15> What is the market share of the largest player in the US Healthcare and Social Assistance industry?,"The largest player, Hca Healthcare, Inc., holds a 1.5% market share.","{'page': 11, 'file': '62 Healthcare and Social Assistance in the US Industry Report.pdf', 'source_type': 'plot', 'answer_type': 'numeric', 'references': '[53, 11, 30]'}"
16> Who are the top 4 companies in the US Healthcare and Social Assistance industry by market share?,"The top 4 companies are Hca Healthcare, Inc. (1.5%), Quest Diagnostics Inc. (0.3%), Feeding America (0.1%), and Brookdale Senior Living Inc. (0.1%).","{'page': 11, 'file': '62 Healthcare and Social Assistance in the US Industry Report.pdf', 'source_type': 'plot', 'answer_type': 'other', 'references': '[11, 53, 30]'}"
17> What percentage of the US Healthcare and Social Assistance market is controlled by companies other than the top 4 listed?,98.0% of the market is controlled by other companies not specifically listed in the top 4.,"{'page': 11, 'file': '62 Healthcare and Social Assistance in the US Industry Report.pdf', 'source_type': 'plot', 'answer_type': 'numeric', 'references': '[53, 11, 46]'}"
18> What are the key external drivers positively impacting the Healthcare and Social Assistance industry in the US?,"The key external drivers positively impacting the industry are: number of people with private health insurance, federal funding for Medicare and Medicaid, total health expenditure, and number of adults aged 65 and older.","{'page': 12, 'file': '62 Healthcare and Social Assistance in the US Industry Report.pdf', 'source_type': 'table', 'answer_type': 'other', 'references': '[12, 67, 13]'}"
19> How concentrated is the Healthcare and Social Assistance industry in the US?,The concentration level of the Healthcare and Social Assistance industry in the US is Low.,"{'page': 12, 'file': '62 Healthcare and Social Assistance in the US Industry Report.pdf', 'source_type': 'table', 'answer_type': 'other', 'references': '[40, 53, 46]'}"
20> What are the barriers to entry and regulatory environment like in the US Healthcare and Social Assistance industry?,"Both barriers to entry and regulation/policy are High in the Healthcare and Social Assistance industry, with a Steady trend.","{'page': 12, 'file': '62 Healthcare and Social Assistance in the US Industry Report.pdf', 'source_type': 'table', 'answer_type': 'other', 'references': '[47, 12, 70]'}"
21> What is the life cycle stage of the Healthcare and Social Assistance industry in the US?,The life cycle of the Healthcare and Social Assistance industry is in the Growth stage.,"{'page': 12, 'file': '62 Healthcare and Social Assistance in the US Industry Report.pdf', 'source_type': 'table', 'answer_type': 'other', 'references': '[28, 10, 71]'}"
22> How does the Healthcare and Social Assistance industry in the US rate in terms of innovation?,The innovation level in the Healthcare and Social Assistance industry is High.,"{'page': 12, 'file': '62 Healthcare and Social Assistance in the US Industry Report.pdf', 'source_type': 'table', 'answer_type': 'other', 'references': '[28, 53, 30]'}"
23> What is the projected revenue growth rate for the Healthcare and Social Assistance sector in the US for the coming years?,The sector revenue will grow at a CAGR of 2.7% to an estimated $4.1 trillion in the coming years.,"{'page': 13, 'file': '62 Healthcare and Social Assistance in the US Industry Report.pdf', 'source_type': 'text', 'answer_type': 'numeric', 'references': '[15, 13, 25]'}"
24> What are the major challenges facing the Healthcare and Social Assistance industry in the US?,"Major challenges include persistent labor shortages, staff burnout, high turnover rates, wage inflation, and difficulty in attracting and retaining employees.","{'page': 13, 'file': '62 Healthcare and Social Assistance in the US Industry Report.pdf', 'source_type': 'text', 'answer_type': 'other', 'references': '[13, 9, 15]'}"
25> What are the primary drivers of rising healthcare spending in the US?,"Demographic and economic factors are the driving forces behind rising healthcare spending, including expanding medical needs of the oldest demographic and growing incomes facilitating access to healthcare providers.","{'page': 13, 'file': '62 Healthcare and Social Assistance in the US Industry Report.pdf', 'source_type': 'text', 'answer_type': 'other', 'references': '[13, 20, 36]'}"
26> What are some key trends expected to shape the future of the Healthcare and Social Assistance industry in the US?,"Key trends include consolidation activity with smaller providers joining larger health groups, increased use of digital tools and telehealth to lower costs and increase capacity, and a focus on enabling access to patients in underserved areas.","{'page': 13, 'file': '62 Healthcare and Social Assistance in the US Industry Report.pdf', 'source_type': 'text', 'answer_type': 'other', 'references': '[13, 20, 25]'}"
27> What are the main performance indicators tracked for industry analysis?,"The main performance indicators tracked are revenue, profit, and other performance indicators that make or break an industry.","{'page': 14, 'file': '62 Healthcare and Social Assistance in the US Industry Report.pdf', 'source_type': 'text', 'answer_type': 'other', 'references': '[14, 76, 72]'}"
28> What is the projected revenue growth rate for the US Healthcare and Social Assistance industry from 2024 to 2029?,The projected revenue growth rate (CAGR) for the US Healthcare and Social Assistance industry from 2024 to 2029 is 2.7%.,"{'page': 15, 'file': '62 Healthcare and Social Assistance in the US Industry Report.pdf', 'source_type': 'table', 'answer_type': 'numeric', 'references': '[16, 56, 75]'}"
"29> How many employees are expected to work in the US Healthcare and Social Assistance industry, and what is the projected employment growth rate for 2024-2029?","The industry is expected to employ 24 million people, with a projected employment growth rate (CAGR) of 2.3% for 2024-2029.","{'page': 15, 'file': '62 Healthcare and Social Assistance in the US Industry Report.pdf', 'source_type': 'table', 'answer_type': 'numeric', 'references': '[17, 56, 18]'}"
30> What is the profit and profit margin for the US Healthcare and Social Assistance industry?,"The profit for the industry is $355.5bn, with a profit margin of 10.0%.","{'page': 15, 'file': '62 Healthcare and Social Assistance in the US Industry Report.pdf', 'source_type': 'table', 'answer_type': 'numeric', 'references': '[19, 15, 9]'}"
31> What are the main challenges facing healthcare and social assistance providers in the US?,COVID-19 created unprecedented challenges for healthcare and social assistance providers. Staffing shortages and rising costs continue to impact providers and businesses.,"{'page': 15, 'file': '62 Healthcare and Social Assistance in the US Industry Report.pdf', 'source_type': 'text', 'answer_type': 'other', 'references': '[21, 13, 20]'}"
32> How is the aging population expected to impact the US Healthcare and Social Assistance industry?,"Healthcare and social assistance providers are vital to older adults. As these people continue to age, their expanding and complex medical needs will require various health and social services.","{'page': 15, 'file': '62 Healthcare and Social Assistance in the US Industry Report.pdf', 'source_type': 'text', 'answer_type': 'other', 'references': '[20, 13, 25]'}"
33> What is the projected revenue CAGR for the US Healthcare and Social Assistance industry from 2019 to 2024?,The projected revenue CAGR for the US Healthcare and Social Assistance industry from 2019 to 2024 is +0.7%.,"{'page': 16, 'file': '62 Healthcare and Social Assistance in the US Industry Report.pdf', 'source_type': 'text', 'answer_type': 'numeric', 'references': '[16, 25, 18]'}"
34> What is the forecasted annual revenue for the US Healthcare and Social Assistance industry in 2024?,The forecasted annual revenue for the US Healthcare and Social Assistance industry in 2024 is $3554.9 billion.,"{'page': 16, 'file': '62 Healthcare and Social Assistance in the US Industry Report.pdf', 'source_type': 'plot', 'answer_type': 'numeric', 'references': '[16, 56, 15]'}"
35> How is the revenue volatility characterized for the US Healthcare and Social Assistance industry?,The revenue volatility for the US Healthcare and Social Assistance industry is characterized as Moderate.,"{'page': 16, 'file': '62 Healthcare and Social Assistance in the US Industry Report.pdf', 'source_type': 'text', 'answer_type': 'other', 'references': '[23, 13, 10]'}"
36> What is the projected revenue CAGR for the US Healthcare and Social Assistance industry from 2024 to 2029?,The projected revenue CAGR for the US Healthcare and Social Assistance industry from 2024 to 2029 is 2.7%.,"{'page': 16, 'file': '62 Healthcare and Social Assistance in the US Industry Report.pdf', 'source_type': 'text', 'answer_type': 'numeric', 'references': '[16, 25, 18]'}"
37> What is the projected number of employees in the US Healthcare and Social Assistance industry for 2024?,The projected number of employees in the US Healthcare and Social Assistance industry for 2024 is 23929599.,"{'page': 17, 'file': '62 Healthcare and Social Assistance in the US Industry Report.pdf', 'source_type': 'plot', 'answer_type': 'numeric', 'references': '[17, 56, 77]'}"
38> What is the revenue per employee in the US Healthcare and Social Assistance industry?,The revenue per employee in the US Healthcare and Social Assistance industry is $149k.,"{'page': 17, 'file': '62 Healthcare and Social Assistance in the US Industry Report.pdf', 'source_type': 'text', 'answer_type': 'numeric', 'references': '[15, 9, 17]'}"
39> What is the Compound Annual Growth Rate (CAGR) for employees in the US Healthcare and Social Assistance industry from 2019 to 2024?,The Compound Annual Growth Rate (CAGR) for employees in the US Healthcare and Social Assistance industry from 2019 to 2024 is +0.9%.,"{'page': 17, 'file': '62 Healthcare and Social Assistance in the US Industry Report.pdf', 'source_type': 'text', 'answer_type': 'numeric', 'references': '[17, 25, 18]'}"
40> What is the projected business growth rate (CAGR) for the Healthcare and Social Assistance industry in the US from 2019 to 2024?,The projected business CAGR for the Healthcare and Social Assistance industry in the US from 2019 to 2024 is 1.2%.,"{'page': 18, 'file': '62 Healthcare and Social Assistance in the US Industry Report.pdf', 'source_type': 'text', 'answer_type': 'numeric', 'references': '[18, 25, 17]'}"
41> How many businesses are expected to be operating in the US Healthcare and Social Assistance industry by 2024?,"By 2024, the US Healthcare and Social Assistance industry is expected to have 2895235 businesses.","{'page': 18, 'file': '62 Healthcare and Social Assistance in the US Industry Report.pdf', 'source_type': 'plot', 'answer_type': 'numeric', 'references': '[18, 17, 56]'}"
42> What is the average revenue per business in the US Healthcare and Social Assistance industry?,The average revenue per business in the US Healthcare and Social Assistance industry is $1.2m.,"{'page': 18, 'file': '62 Healthcare and Social Assistance in the US Industry Report.pdf', 'source_type': 'text', 'answer_type': 'numeric', 'references': '[15, 9, 56]'}"
43> What is the average number of employees per business in the US Healthcare and Social Assistance industry?,The average number of employees per business in the US Healthcare and Social Assistance industry is 8.,"{'page': 18, 'file': '62 Healthcare and Social Assistance in the US Industry Report.pdf', 'source_type': 'text', 'answer_type': 'numeric', 'references': '[17, 18, 56]'}"
44> What is the total profit for the Healthcare and Social Assistance industry in the US?,The total profit for the Healthcare and Social Assistance industry in the US is $355.5bn.,"{'page': 19, 'file': '62 Healthcare and Social Assistance in the US Industry Report.pdf', 'source_type': 'text', 'answer_type': 'numeric', 'references': '[15, 9, 56]'}"
45> What is the profit margin for the Healthcare and Social Assistance industry in the US for 2024?,The profit margin for the Healthcare and Social Assistance industry in the US for 2024 is 10%.,"{'page': 19, 'file': '62 Healthcare and Social Assistance in the US Industry Report.pdf', 'source_type': 'plot', 'answer_type': 'numeric', 'references': '[19, 56, 15]'}"
46> What is the projected change in profit margin for the Healthcare and Social Assistance industry in the US from 2023 to 2024?,The projected change in profit margin for the Healthcare and Social Assistance industry in the US from 2023 to 2024 is -0.1pp (percentage points).,"{'page': 19, 'file': '62 Healthcare and Social Assistance in the US Industry Report.pdf', 'source_type': 'plot', 'answer_type': 'numeric', 'references': '[19, 79, 56]'}"
47> What is the average profit per business in the Healthcare and Social Assistance industry in the US?,The average profit per business in the Healthcare and Social Assistance industry in the US is $122.8k.,"{'page': 19, 'file': '62 Healthcare and Social Assistance in the US Industry Report.pdf', 'source_type': 'text', 'answer_type': 'numeric', 'references': '[15, 9, 56]'}"
48> What are the primary demographic trends shaping the healthcare landscape in the US?,"The older population's expanding medical needs as they age are the primary force behind higher healthcare spending. The older demographic is linked explicitly to robust growth in areas like Elderly and Disabled Person Services, Nursing Care Facilities, and Assisted Living Facilities.","{'page': 20, 'file': '62 Healthcare and Social Assistance in the US Industry Report.pdf', 'source_type': 'text', 'answer_type': 'other', 'references': '[20, 13, 26]'}"
49> How are workforce shortages affecting the healthcare industry in the US?,"COVID-19 exacerbated existing labor shortages. In 2024, healthcare facilities are struggling to attract and retain employees from a smaller employee pool as burnt-out healthcare staff quit, retire or jump to higher-paying positions. Nursing shortages have been straining healthcare providers the most, with over 100,000 registered nurses leaving the workforce between 2021 and 2023.","{'page': 20, 'file': '62 Healthcare and Social Assistance in the US Industry Report.pdf', 'source_type': 'text', 'answer_type': 'other', 'references': '[74, 34, 48]'}"
50> What consolidation trends are occurring in the US healthcare industry?,"Larger health systems are eyeing acquisitions to create economies of scale, lower costs and gain negotiating power. The pandemic accelerated the rising consolidation activity that had been occurring in recent years. Independent (often small or rural) practices risking service eliminations or closure have been targets of acquisitions.","{'page': 20, 'file': '62 Healthcare and Social Assistance in the US Industry Report.pdf', 'source_type': 'text', 'answer_type': 'other', 'references': '[26, 47, 52]'}"
51> How has telemedicine adoption in healthcare changed from 2020 to 2024?,"The adoption of telemedicine has fallen from its pandemic high in 2020 but is still more integral to healthcare delivery in 2024 than pre-COVID, especially for providers offering mental health treatment.","{'page': 21, 'file': '62 Healthcare and Social Assistance in the US Industry Report.pdf', 'source_type': 'text', 'answer_type': 'other', 'references': '[21, 26, 20]'}"
52> What digital tools are healthcare providers adopting to streamline operations and reduce costs?,"Healthcare providers are adopting digital tools such as AI, patient engagement products, and data analytics to streamline operations and produce cost savings.","{'page': 21, 'file': '62 Healthcare and Social Assistance in the US Industry Report.pdf', 'source_type': 'text', 'answer_type': 'other', 'references': '[26, 33, 21]'}"
53> How are social assistance providers responding to the end of pandemic-era benefits?,"Social assistance providers are filling in the gaps as pandemic-era benefits end, helping with housing, food assistance, and child care as millions turn to them for support.","{'page': 21, 'file': '62 Healthcare and Social Assistance in the US Industry Report.pdf', 'source_type': 'text', 'answer_type': 'other', 'references': '[21, 36, 20]'}"
54> What challenges is the Day Care industry facing in 2024?,"The Day Care industry is struggling to recover from the pandemic, facing excess demand, staffing issues, tight margins, and steep fees. The end of funding in late 2023 has exacerbated these challenges.","{'page': 21, 'file': '62 Healthcare and Social Assistance in the US Industry Report.pdf', 'source_type': 'text', 'answer_type': 'other', 'references': '[21, 20, 32]'}"
55> What are the key factors influencing volatility in the US healthcare and social assistance industry?,"Key factors include changes in reimbursements from public and private insurance programs, pricing pressures from public and private payors, regulatory changes, labor shortages, inflation, rising expenses, and external events like the COVID-19 pandemic that can impact illness rates and healthcare consumption.","{'page': 22, 'file': '62 Healthcare and Social Assistance in the US Industry Report.pdf', 'source_type': 'text', 'answer_type': 'other', 'references': '[22, 23, 12]'}"
56> How has the COVID-19 pandemic affected the US healthcare and social assistance sector?,"The COVID-19 pandemic created unprecedented financial, workforce, and supply chain challenges for the sector. It strained healthcare facilities as non-COVID patient levels dropped during the pandemic. Although patient volumes have recovered, providers face ongoing instability related to regulatory changes, labor shortages, inflation, and rising expenses.","{'page': 22, 'file': '62 Healthcare and Social Assistance in the US Industry Report.pdf', 'source_type': 'text', 'answer_type': 'other', 'references': '[21, 70, 36]'}"
57> What factors influence the financial health of healthcare facilities in the US?,"The financial health of healthcare facilities relies heavily on reimbursements from public and private insurance programs. Changes in these reimbursements, determined by various competing factors, can occur annually and produce significant consequences for healthcare and social assistance facilities. Additionally, pricing pressures from public and private payors can cause volatility in the sector.","{'page': 22, 'file': '62 Healthcare and Social Assistance in the US Industry Report.pdf', 'source_type': 'text', 'answer_type': 'other', 'references': '[22, 34, 13]'}"
58> How is the Healthcare and Social Assistance industry in the US characterized in terms of volatility and revenue growth?,"The Healthcare and Social Assistance industry in the US is characterized as 'Low & slow', with low volatility and revenue growth below GDP growth.","{'page': 23, 'file': '62 Healthcare and Social Assistance in the US Industry Report.pdf', 'source_type': 'plot', 'answer_type': 'other', 'references': '[23, 13, 28]'}"
59> What is a key factor for businesses to overcome volatility in the Healthcare and Social Assistance industry?,"The ability to take advantage of government subsidies and other grants, particularly Medicare and Medicaid reimbursement programs, is a key factor for overcoming volatility.","{'page': 23, 'file': '62 Healthcare and Social Assistance in the US Industry Report.pdf', 'source_type': 'text', 'answer_type': 'other', 'references': '[23, 34, 22]'}"
60> What type of workforce is essential in the Healthcare and Social Assistance industry?,"A multiskilled workforce is essential, including physicians, specialists, nurses, and nonclinical workers. The industry is labor-intensive, requiring a diverse range of capable personnel to meet patient demand.","{'page': 23, 'file': '62 Healthcare and Social Assistance in the US Industry Report.pdf', 'source_type': 'text', 'answer_type': 'other', 'references': '[34, 48, 17]'}"
61> What is the projected revenue CAGR for the US Healthcare and Social Assistance industry from 2024 to 2029?,The projected revenue CAGR for the US Healthcare and Social Assistance industry from 2024 to 2029 is +2.7%.,"{'page': 25, 'file': '62 Healthcare and Social Assistance in the US Industry Report.pdf', 'source_type': 'text', 'answer_type': 'numeric', 'references': '[16, 25, 18]'}"
62> What are the primary demographic trends driving the healthcare spending in the US?,"Demographic trends behind rising healthcare spending include an aging population, with healthcare and social assistance providers increasingly vital in meeting the complex medical and social needs of people of advanced age.","{'page': 25, 'file': '62 Healthcare and Social Assistance in the US Industry Report.pdf', 'source_type': 'text', 'answer_type': 'other', 'references': '[20, 13, 68]'}"
63> What are the major long-term effects of the COVID-19 pandemic on the US healthcare and social assistance sector?,"Long-term effects include exacerbated staffing shortages, labor challenges, increased costs for medical supplies and pharmaceuticals, shifts in healthcare delivery towards ambulatory and urgent care centers, and ongoing mental health impacts requiring continued attention from mental health and substance abuse centers.","{'page': 25, 'file': '62 Healthcare and Social Assistance in the US Industry Report.pdf', 'source_type': 'text', 'answer_type': 'other', 'references': '[21, 70, 36]'}"
64> How are technological advancements expected to reshape healthcare delivery in the US?,"Tech advances can transform every aspect of healthcare and social assistance delivery, with providers hastening adoption of digital tools. However, challenges include navigating tech investments, evolving regulations, cybersecurity, and higher capital costs. Telemedicine's utilization will depend on regulatory environment, with Medicare's telehealth policies playing a crucial role.","{'page': 25, 'file': '62 Healthcare and Social Assistance in the US Industry Report.pdf', 'source_type': 'text', 'answer_type': 'other', 'references': '[26, 21, 13]'}"
65> What technological advancements are expected to impact the healthcare and social assistance industry in the US?,"Many healthcare and social assistance entities will adopt digital and telehealth tools to bridge the gap between urban and rural communities regarding healthcare access. Tech advances for people of advanced age, like home health tools and remote monitoring equipment, will become paramount. Cloud infrastructure will play a massive role in providing care for the aging population.","{'page': 26, 'file': '62 Healthcare and Social Assistance in the US Industry Report.pdf', 'source_type': 'text', 'answer_type': 'other', 'references': '[26, 21, 28]'}"
66> How is consolidation activity expected to evolve in the US healthcare sector?,"The consolidation activity that defines the health sector will continue despite an economic environment of higher interest rates. Mounting healthcare costs and reimbursement cuts will incentivize smaller, independent healthcare providers to join larger health groups.","{'page': 26, 'file': '62 Healthcare and Social Assistance in the US Industry Report.pdf', 'source_type': 'text', 'answer_type': 'other', 'references': '[26, 47, 52]'}"
67> What areas of the US healthcare industry are attracting private equity investment?,"Private equity (PE) investment will be present in healthcare, with significant growth opportunities in areas ranging from physical therapy and mental health to nursing and residential care attracting PE investment.","{'page': 26, 'file': '62 Healthcare and Social Assistance in the US Industry Report.pdf', 'source_type': 'text', 'answer_type': 'other', 'references': '[47, 26, 39]'}"
68> What are the key factors driving growth in the US healthcare and social assistance industry?,"The industry's growth is driven by its vital role in addressing an aging population's complex needs, exceeding the overall US economic growth.","{'page': 28, 'file': '62 Healthcare and Social Assistance in the US Industry Report.pdf', 'source_type': 'text', 'answer_type': 'other', 'references': '[13, 28, 12]'}"
69> How does market saturation vary between urban and rural areas in the US healthcare and social assistance industry?,"Market saturation is high in metropolitan areas, while rural communities face critical shortages of healthcare providers, jeopardizing access.","{'page': 28, 'file': '62 Healthcare and Social Assistance in the US Industry Report.pdf', 'source_type': 'text', 'answer_type': 'other', 'references': '[28, 48, 47]'}"
70> What are the major areas of innovation in the US healthcare and social assistance industry?,"Major areas of innovation include medical devices, AI, diagnostics, and cloud-based technologies, which are spurring change faster than ever.","{'page': 28, 'file': '62 Healthcare and Social Assistance in the US Industry Report.pdf', 'source_type': 'text', 'answer_type': 'other', 'references': '[30, 10, 28]'}"
71> What is driving consolidation in the US healthcare and social assistance industry?,"Rising costs are pressuring the standard delivery of healthcare to evolve, leading to a significant increase in merger and acquisition activity.","{'page': 28, 'file': '62 Healthcare and Social Assistance in the US Industry Report.pdf', 'source_type': 'text', 'answer_type': 'other', 'references': '[47, 52, 46]'}"
72> How is technology expected to impact employment and costs in the US healthcare and social assistance industry?,"No new technology is expected to entirely substitute employees, but rapid advancements in medical and communication technologies will slightly raise capital costs.","{'page': 28, 'file': '62 Healthcare and Social Assistance in the US Industry Report.pdf', 'source_type': 'text', 'answer_type': 'other', 'references': '[13, 15, 21]'}"
"73> What is the largest market segment in the US Healthcare and Social Assistance industry, and what is its value?","Hospitals are the largest market segment, valued at $1.5tr.","{'page': 30, 'file': '62 Healthcare and Social Assistance in the US Industry Report.pdf', 'source_type': 'text', 'answer_type': 'numeric', 'references': '[30, 35, 10]'}"
74> Who are the top payers to healthcare and social assistance entities in the US?,Private insurers are the top payer to healthcare and social assistance entities. Providers of these services rely on private insurance reimbursements more than any other revenue source.,"{'page': 30, 'file': '62 Healthcare and Social Assistance in the US Industry Report.pdf', 'source_type': 'text', 'answer_type': 'other', 'references': '[35, 41, 36]'}"
75> What is the level of product innovation in the US Healthcare and Social Assistance industry?,The level of product innovation is High.,"{'page': 30, 'file': '62 Healthcare and Social Assistance in the US Industry Report.pdf', 'source_type': 'text', 'answer_type': 'other', 'references': '[28, 30, 10]'}"
76> How is the revenue distributed among different segments of the US Healthcare and Social Assistance industry in 2024?,"In 2024, Hospitals account for 41.7% of revenue, Ambulatory healthcare services for 40.7%, Nursing homes and residential facilities for 9.3%, and Social assistance for 8.3%.","{'page': 30, 'file': '62 Healthcare and Social Assistance in the US Industry Report.pdf', 'source_type': 'plot', 'answer_type': 'numeric', 'references': '[35, 10, 13]'}"
77> How did the COVID-19 pandemic affect hospital patient volumes and financial stability?,"The COVID-19 pandemic caused a drop in elective procedures and patient volumes, initially hitting hospitals hard financially. However, federal policies and billions in funding helped alleviate the initial financial impact from revenue losses due to delays in elective care and drops in ER visits.","{'page': 31, 'file': '62 Healthcare and Social Assistance in the US Industry Report.pdf', 'source_type': 'text', 'answer_type': 'other', 'references': '[22, 70, 31]'}"
78> What are the main challenges currently facing hospitals in the US healthcare system?,"Hospitals are facing rapidly escalating costs for medical consumables, equipment, and pharmaceuticals, along with staffing shortages and employee burnout. These factors are combining to create instability in the sector.","{'page': 31, 'file': '62 Healthcare and Social Assistance in the US Industry Report.pdf', 'source_type': 'text', 'answer_type': 'other', 'references': '[26, 34, 31]'}"
79> What trends are emerging in the transition from inpatient to outpatient care?,"Financial pressures have accelerated hospitals' shift away from inpatient care. The popularity of telemedicine, an uptick in ambulatory surgery centers (ASCs), and new medical technologies are facilitating the transition to outpatient care.","{'page': 31, 'file': '62 Healthcare and Social Assistance in the US Industry Report.pdf', 'source_type': 'text', 'answer_type': 'other', 'references': '[31, 26, 21]'}"
80> What consolidation trends are occurring in the ambulatory healthcare services subsector?,"Consolidation activity is occurring across the ambulatory healthcare subsector. The COVID-19 pandemic accelerated this trend, with rapidly growing demand and continual staffing shortages incentivizing small providers to merge with larger health groups. Primary care and dental practices are also demonstrating consolidation activity.","{'page': 31, 'file': '62 Healthcare and Social Assistance in the US Industry Report.pdf', 'source_type': 'text', 'answer_type': 'other', 'references': '[31, 47, 26]'}"
81> What are the key staffing challenges facing residential care facilities in the US healthcare industry?,"Persistent staffing shortages limit new resident intake, facilities have raised wages to attract staff, but employees are leaving for higher-paid, lower-stress positions due to COVID-19 burnout.","{'page': 32, 'file': '62 Healthcare and Social Assistance in the US Industry Report.pdf', 'source_type': 'text', 'answer_type': 'other', 'references': '[34, 32, 48]'}"
82> What federal initiative has been proposed to address staffing and quality issues in nursing homes?,The Centers for Medicare and Medicaid Services (CMS) has proposed a federal staffing standard for nursing homes and announced $75.0 million in scholarships and tuition reimbursement for nursing students who agree to work in nursing homes.,"{'page': 32, 'file': '62 Healthcare and Social Assistance in the US Industry Report.pdf', 'source_type': 'text', 'answer_type': 'numeric', 'references': '[32, 69, 34]'}"
83> How has COVID-19 affected social assistance providers in the US?,"COVID-19 led to billions in federal funding from relief acts, causing the sector's share to rise. However, subsequent funding cuts affected providers' ability to meet demand. Daycare services saw a quick drop in 2020 followed by excess demand in 2021, with closures leading to price hikes.","{'page': 32, 'file': '62 Healthcare and Social Assistance in the US Industry Report.pdf', 'source_type': 'text', 'answer_type': 'other', 'references': '[21, 70, 36]'}"
84> What are some key technological innovations in the US Healthcare and Social Assistance industry?,"Artificial intelligence (AI) is being applied across healthcare and social assistance, with systems emerging to identify high-risk patients, predict heart attacks, forecast chronic kidney disease, and protect patient data. Digital health tools, including telehealth, wearable technologies, and digital therapeutics, are transforming healthcare delivery.","{'page': 32, 'file': '62 Healthcare and Social Assistance in the US Industry Report.pdf', 'source_type': 'text', 'answer_type': 'other', 'references': '[28, 26, 30]'}"
85> What is digital therapeutics and how is it used in healthcare?,Digital therapeutics refers to software and devices that use AI and machine learning to analyze patient data and provide therapeutic interventions for various diseases and disorders.,"{'page': 33, 'file': '62 Healthcare and Social Assistance in the US Industry Report.pdf', 'source_type': 'text', 'answer_type': 'other', 'references': '[33, 26, 21]'}"
86> What is identified as a key success factor for businesses in the US healthcare and social assistance industry?,Securing a multiskilled workforce is identified as a key success factor.,"{'page': 34, 'file': '62 Healthcare and Social Assistance in the US Industry Report.pdf', 'source_type': 'text', 'answer_type': 'other', 'references': '[34, 13, 47]'}"
87> What types of workers are required in healthcare and social assistance facilities according to the report?,"Healthcare and social assistance facilities require a staff of physicians, specialists, nurses and nonclinical workers.","{'page': 34, 'file': '62 Healthcare and Social Assistance in the US Industry Report.pdf', 'source_type': 'text', 'answer_type': 'other', 'references': '[34, 32, 48]'}"
88> What is the largest payer in the US healthcare and social assistance industry based on revenue in 2024?,"Private health insurance is the largest payer, accounting for 30.4% of industry revenue in 2024.","{'page': 35, 'file': '62 Healthcare and Social Assistance in the US Industry Report.pdf', 'source_type': 'plot', 'answer_type': 'numeric', 'references': '[35, 30, 36]'}"
89> How did the COVID-19 pandemic affect private health insurance coverage in the US?,"The COVID-19 pandemic led to a spike in unemployment, causing a drop-off in private health coverage and reducing private insurance payments to providers. Although there was an uptick in 2021, the share of total private reimbursements remained below pre-COVID levels in 2023.","{'page': 35, 'file': '62 Healthcare and Social Assistance in the US Industry Report.pdf', 'source_type': 'text', 'answer_type': 'other', 'references': '[36, 70, 21]'}"
90> How do Medicaid reimbursements compare to Medicare reimbursements in terms of their share of sector revenue?,Medicaid reimbursements make up a significantly larger share of sector revenue than Medicare reimbursements.,"{'page': 35, 'file': '62 Healthcare and Social Assistance in the US Industry Report.pdf', 'source_type': 'text', 'answer_type': 'other', 'references': '[36, 68, 35]'}"
91> How did the COVID-19 pandemic affect Medicare and Medicaid funding in the US healthcare system?,"Medicare and Medicaid funding increased following the onset of the COVID-19 pandemic, as extended enrollment periods absorbed private insurance losses. Higher Medicaid funding and enrollment continued throughout the pandemic, leading to larger shares of revenue for healthcare and social assistance facilities from Medicaid reimbursements.","{'page': 36, 'file': '62 Healthcare and Social Assistance in the US Industry Report.pdf', 'source_type': 'text', 'answer_type': 'other', 'references': '[36, 68, 21]'}"
92> Which segment of the US healthcare system is expected to experience the fastest growth in the near future?,"Medicare will experience the fastest growth moving forward, as this segment will have the highest enrollment growth as the over 65 population advances further in age.","{'page': 36, 'file': '62 Healthcare and Social Assistance in the US Industry Report.pdf', 'source_type': 'text', 'answer_type': 'other', 'references': '[26, 39, 13]'}"
93> What factors are contributing to out-of-pocket costs in the US healthcare system?,"Insurance limitations create out-of-pocket costs. Insurers don't cover all health services equally, and patients are responsible for portions of treatment not paid by insurance. Out-of-pocket payments include deductibles, copayments, and coinsurance. Rising incomes have allowed increased healthcare consumption, and out-of-pocket spending climbs alongside income.","{'page': 36, 'file': '62 Healthcare and Social Assistance in the US Industry Report.pdf', 'source_type': 'text', 'answer_type': 'other', 'references': '[36, 13, 67]'}"
94> How did economic factors affect health spending in the US in 2023?,"Recessionary concerns and a higher cost of living led consumers to reevaluate their elective health spending in 2023, causing a slowdown in total health spending. Inflation, the resumption of student loan payments, and steadying patient volumes are expected to continue slowing out-of-pocket health spending in 2024.","{'page': 36, 'file': '62 Healthcare and Social Assistance in the US Industry Report.pdf', 'source_type': 'text', 'answer_type': 'other', 'references': '[13, 20, 36]'}"
95> What are the various sources of revenue for the healthcare and social assistance sector in the US?,"Revenue sources include reimbursements from federal, state, and local programs like workers' compensation and maternal and child health programs; the Department of Defense; the Department of Veterans Affairs; charitable contributions; and miscellaneous private sources. Some facilities are nonprofits relying on community donations. Additionally, some providers receive federal assistance, such as SAMHSA grants for mental health and substance abuse clinics.","{'page': 36, 'file': '62 Healthcare and Social Assistance in the US Industry Report.pdf', 'source_type': 'text', 'answer_type': 'other', 'references': '[36, 35, 10]'}"
96> How does international trade impact the Healthcare and Social Assistance industry in the US?,"Some industries don't directly import or export goods. For international trade data on relevant products, reports at the manufacturing level should be consulted.","{'page': 37, 'file': '62 Healthcare and Social Assistance in the US Industry Report.pdf', 'source_type': 'text', 'answer_type': 'other', 'references': '[12, 37, 28]'}"
97> Which region in the US has the highest healthcare usage?,"The Southeast is the most populated region, warranting a greater need for healthcare providers to meet residents' medical needs.","{'page': 39, 'file': '62 Healthcare and Social Assistance in the US Industry Report.pdf', 'source_type': 'text', 'answer_type': 'other', 'references': '[39, 43, 44]'}"
98> Which state has the highest number of healthcare providers in the United States?,California has the most healthcare providers in the United States.,"{'page': 39, 'file': '62 Healthcare and Social Assistance in the US Industry Report.pdf', 'source_type': 'text', 'answer_type': 'other', 'references': '[39, 41, 43]'}"
99> Which state in the US allocates the most on personal healthcare spending nationally?,California allocates the most on personal healthcare spending nationally.,"{'page': 39, 'file': '62 Healthcare and Social Assistance in the US Industry Report.pdf', 'source_type': 'text', 'answer_type': 'other', 'references': '[39, 41, 41]'}"
100> Which state has the highest percentage of healthcare and social assistance industry establishments in the US?,California has the highest percentage at 12.9% of total industry establishments.,"{'page': 40, 'file': '62 Healthcare and Social Assistance in the US Industry Report.pdf', 'source_type': 'table', 'answer_type': 'numeric', 'references': '[40, 43, 41]'}"
101> What are the top three states by percentage of healthcare and social assistance industry establishments?,"The top three states are California (12.9%), Texas (7.9%), and Florida (7.1%).","{'page': 40, 'file': '62 Healthcare and Social Assistance in the US Industry Report.pdf', 'source_type': 'table', 'answer_type': 'numeric', 'references': '[40, 41, 43]'}"
102> How does the concentration of healthcare and social assistance establishments vary across different regions of the US?,"The map shows higher concentrations in coastal states and some southern states, with lower concentrations in the central and northern regions.","{'page': 40, 'file': '62 Healthcare and Social Assistance in the US Industry Report.pdf', 'source_type': 'plot', 'answer_type': 'other', 'references': '[40, 44, 43]'}"
103> Which US state has the largest market size for healthcare and social assistance?,Pennsylvania has the largest market size with a value of 4.1.,"{'page': 41, 'file': '62 Healthcare and Social Assistance in the US Industry Report.pdf', 'source_type': 'table', 'answer_type': 'numeric', 'references': '[41, 43, 30]'}"
104> Which states have the smallest market sizes for healthcare and social assistance?,"Nebraska and Idaho have the smallest market sizes, both with a value of 0.6.","{'page': 41, 'file': '62 Healthcare and Social Assistance in the US Industry Report.pdf', 'source_type': 'table', 'answer_type': 'numeric', 'references': '[42, 41, 41]'}"
105> How does the market size of healthcare and social assistance in California compare to other large states like Texas and Florida?,"The data for California, Texas, and Florida is not provided in this table, so a comparison cannot be made based on the given information.","{'page': 41, 'file': '62 Healthcare and Social Assistance in the US Industry Report.pdf', 'source_type': 'table', 'answer_type': 'other', 'references': '[40, 39, 41]'}"
106> Which state has the highest value for healthcare and social assistance in the US according to the data?,New Mexico has the highest value at 0.6.,"{'page': 42, 'file': '62 Healthcare and Social Assistance in the US Industry Report.pdf', 'source_type': 'table', 'answer_type': 'numeric', 'references': '[41, 42, 41]'}"
107> Which states have the lowest values for healthcare and social assistance in the US?,"District of Columbia, North Dakota, Vermont, and Wyoming all have the lowest value of 0.2.","{'page': 42, 'file': '62 Healthcare and Social Assistance in the US Industry Report.pdf', 'source_type': 'table', 'answer_type': 'other', 'references': '[42, 41, 41]'}"
108> What is the range of values for healthcare and social assistance across the listed states?,The range is from 0.2 to 0.6.,"{'page': 42, 'file': '62 Healthcare and Social Assistance in the US Industry Report.pdf', 'source_type': 'table', 'answer_type': 'numeric', 'references': '[42, 41, 41]'}"
109> Which region in the US has the highest healthcare utilization and concentration of healthcare businesses?,"The Southeast region has high healthcare utilization, with Florida having the largest number of establishments due to its population size and demographic makeup.","{'page': 43, 'file': '62 Healthcare and Social Assistance in the US Industry Report.pdf', 'source_type': 'text', 'answer_type': 'other', 'references': '[39, 43, 40]'}"
110> What demographic factor in Florida is driving higher healthcare utilization?,"Florida has the highest percentage of residents over 65 in the US, leading to higher rates of health services utilization and a greater need for a breadth of medical services.","{'page': 43, 'file': '62 Healthcare and Social Assistance in the US Industry Report.pdf', 'source_type': 'text', 'answer_type': 'other', 'references': '[39, 43, 20]'}"
111> Which state leads in healthcare spending in the US?,"California ranks first in healthcare spending, with California's personal healthcare spending being the highest in the US in 2020.","{'page': 43, 'file': '62 Healthcare and Social Assistance in the US Industry Report.pdf', 'source_type': 'text', 'answer_type': 'other', 'references': '[41, 39, 41]'}"
112> Which state has the most healthcare and social assistance establishments in the US?,California has the most healthcare and social assistance establishments in the US.,"{'page': 43, 'file': '62 Healthcare and Social Assistance in the US Industry Report.pdf', 'source_type': 'text', 'answer_type': 'other', 'references': '[40, 43, 41]'}"
113> Which region in the US has the largest spread of healthcare and social assistance businesses compared to its population?,The West has the largest spread of businesses compared to its population in the healthcare and social assistance industry in the US.,"{'page': 44, 'file': '62 Healthcare and Social Assistance in the US Industry Report.pdf', 'source_type': 'plot', 'answer_type': 'other', 'references': '[44, 43, 39]'}"
114> What is identified as a key success factor for healthcare and social assistance businesses in terms of location?,The ability to attract local support is identified as a key success factor for healthcare and social assistance businesses in terms of location.,"{'page': 44, 'file': '62 Healthcare and Social Assistance in the US Industry Report.pdf', 'source_type': 'text', 'answer_type': 'other', 'references': '[34, 44, 47]'}"
115> What are the crucial elements for referral networks in the healthcare and social assistance industry?,"Referral networks are crucial, with referrers including hospitals, physicians, insurers and the general public.","{'page': 44, 'file': '62 Healthcare and Social Assistance in the US Industry Report.pdf', 'source_type': 'text', 'answer_type': 'other', 'references': '[34, 47, 48]'}"
116> What is the projected market share concentration for the four largest companies in the US Healthcare and Social Assistance industry in 2024?,The projected market share of the four largest companies in the US Healthcare and Social Assistance industry in 2024 is 2%.,"{'page': 46, 'file': '62 Healthcare and Social Assistance in the US Industry Report.pdf', 'source_type': 'plot', 'answer_type': 'numeric', 'references': '[46, 30, 11]'}"
117> How is the US Healthcare and Social Assistance industry characterized in terms of provider structure?,"The US Healthcare and Social Assistance industry is characterized by fragmented care, with small and independent providers offering personalized care in local markets, and social assistance facilities providing community-focused services with limited geographic scope.","{'page': 46, 'file': '62 Healthcare and Social Assistance in the US Industry Report.pdf', 'source_type': 'text', 'answer_type': 'other', 'references': '[53, 12, 71]'}"
118> How does consolidation affect the Healthcare and Social Assistance sector in the US?,"Consolidation changes healthcare delivery, but small, local service providers still define the sector despite consolidation.","{'page': 46, 'file': '62 Healthcare and Social Assistance in the US Industry Report.pdf', 'source_type': 'text', 'answer_type': 'other', 'references': '[47, 52, 46]'}"
119> What are the key consolidation trends in the US healthcare sector?,"Consolidation across the health sector has been accelerating in recent years. Patients increasingly receive care from integrated health systems, an interconnected network of healthcare services and organizations. Private equity's involvement has led to a rise in mergers and acquisitions, consolidating healthcare entities.","{'page': 47, 'file': '62 Healthcare and Social Assistance in the US Industry Report.pdf', 'source_type': 'text', 'answer_type': 'other', 'references': '[47, 26, 52]'}"
120> What are the main regulatory barriers to entry in the US healthcare industry?,"Certificate of Need (CON) laws in 36 states require healthcare facilities to demonstrate public need before expansion or new services. These laws create barriers to entry and expansion. Additionally, regulatory bodies like FTC and CMS scrutinize mergers and acquisitions to prevent monopolistic practices.","{'page': 47, 'file': '62 Healthcare and Social Assistance in the US Industry Report.pdf', 'source_type': 'text', 'answer_type': 'other', 'references': '[69, 47, 70]'}"
121> What is a key success factor for healthcare facilities in terms of location strategy?,Proximity to key markets is crucial. Healthcare and social assistance facilities should be geographically located in areas where the need is higher and they can be easily accessed by the public.,"{'page': 47, 'file': '62 Healthcare and Social Assistance in the US Industry Report.pdf', 'source_type': 'text', 'answer_type': 'other', 'references': '[34, 47, 44]'}"
122> How are the barriers to entry characterized in the US healthcare and social assistance industry?,"The barriers to entry are categorized as 'High' and 'Steady', indicating significant challenges for new entrants in the industry.","{'page': 47, 'file': '62 Healthcare and Social Assistance in the US Industry Report.pdf', 'source_type': 'other', 'answer_type': 'other', 'references': '[47, 12, 48]'}"
123> How do healthcare providers in competitive markets differentiate themselves?,"Healthcare providers in competitive markets differentiate themselves through patient outcomes, staff qualifications and accolades, quality of services, and availability of high-tech equipment.","{'page': 48, 'file': '62 Healthcare and Social Assistance in the US Industry Report.pdf', 'source_type': 'text', 'answer_type': 'other', 'references': '[50, 48, 34]'}"
124> What are the key labor challenges facing the Healthcare and Social Assistance industry in the US?,"The industry faces ongoing critical staffing shortages and rising wages, which jeopardize providers' ability to acquire and retain staff.","{'page': 48, 'file': '62 Healthcare and Social Assistance in the US Industry Report.pdf', 'source_type': 'text', 'answer_type': 'other', 'references': '[34, 48, 74]'}"
125> Are there any substitutes for Healthcare and Social Assistance services in the US?,"No other service can substitute for the Healthcare and Social Assistance sector. While some people may forgo healthcare unless critically necessary, most of the population receives medical care for reasons ranging from preventative care to major procedures.","{'page': 48, 'file': '62 Healthcare and Social Assistance in the US Industry Report.pdf', 'source_type': 'text', 'answer_type': 'other', 'references': '[48, 21, 71]'}"
126> What are the key components of the supply chain for the Healthcare and Social Assistance industry in the US?,"The supply chain consists of suppliers (including medical device manufacturing, medical instrument & supply manufacturing, and brand name pharmaceutical manufacturing) and buyers (including primary care doctors, specialist doctors, hospitals, nursing care facilities, and ambulance services).","{'page': 49, 'file': '62 Healthcare and Social Assistance in the US Industry Report.pdf', 'source_type': 'other', 'answer_type': 'other', 'references': '[49, 34, 28]'}"
127> How is buyer power characterized in the Healthcare and Social Assistance industry in the US?,"Buyer power is characterized as 'Contracts' and is rated as 'Moderate' to 'Steady'. Buyers include insurers and patients, with insurers having bargaining power over healthcare providers due to their ability to negotiate prices and control reimbursement rates.","{'page': 49, 'file': '62 Healthcare and Social Assistance in the US Industry Report.pdf', 'source_type': 'text', 'answer_type': 'other', 'references': '[49, 50, 12]'}"
128> How is supplier power described in the Healthcare and Social Assistance industry in the US?,Supplier power is characterized as 'Switching costs' and is rated as 'Moderate' to 'Steady'.,"{'page': 49, 'file': '62 Healthcare and Social Assistance in the US Industry Report.pdf', 'source_type': 'text', 'answer_type': 'other', 'references': '[49, 50, 28]'}"
129> How do pharmaceutical companies influence pricing in the healthcare industry?,"Pharmaceutical companies have significant bargaining power over healthcare providers and payers, as they can set prices for drugs and treatments.","{'page': 50, 'file': '62 Healthcare and Social Assistance in the US Industry Report.pdf', 'source_type': 'text', 'answer_type': 'other', 'references': '[50, 69, 22]'}"
130> What factors allow certain healthcare providers to charge higher prices?,Healthcare providers with a strong reputation or specialized expertise can charge higher service prices and negotiate better terms with insurance companies and employers.,"{'page': 50, 'file': '62 Healthcare and Social Assistance in the US Industry Report.pdf', 'source_type': 'text', 'answer_type': 'other', 'references': '[50, 74, 69]'}"
131> How do medical device and equipment manufacturers impact the healthcare market?,"Medical device and equipment manufacturers provide essential and life-saving equipment, which increases buyer power in the healthcare industry.","{'page': 50, 'file': '62 Healthcare and Social Assistance in the US Industry Report.pdf', 'source_type': 'text', 'answer_type': 'other', 'references': '[50, 69, 49]'}"
132> What is the supplier power dynamic for medical consumables in the healthcare industry?,"Supplier power is lower for wholesalers providing medical consumables (gloves, masks), as providers can easily switch suppliers for the best price.","{'page': 50, 'file': '62 Healthcare and Social Assistance in the US Industry Report.pdf', 'source_type': 'text', 'answer_type': 'other', 'references': '[50, 49, 13]'}"
133> What is the maximum market share held by any single company in the Healthcare and Social Assistance sector in the US?,No company holds more than 5.0% of the market share in the Healthcare and Social Assistance sector.,"{'page': 52, 'file': '62 Healthcare and Social Assistance in the US Industry Report.pdf', 'source_type': 'text', 'answer_type': 'numeric', 'references': '[53, 11, 30]'}"
134> What is described as a defining trait of the Healthcare and Social Assistance sector in the US?,Consolidation activity is described as a defining trait of the Healthcare and Social Assistance sector.,"{'page': 52, 'file': '62 Healthcare and Social Assistance in the US Industry Report.pdf', 'source_type': 'text', 'answer_type': 'other', 'references': '[5, 34, 71]'}"
135> What percentage of the Healthcare and Social Assistance industry in the US is dominated by 'Other Companies'?,98% of the industry market share is held by 'Other Companies'.,"{'page': 53, 'file': '62 Healthcare and Social Assistance in the US Industry Report.pdf', 'source_type': 'plot', 'answer_type': 'numeric', 'references': '[53, 46, 40]'}"
136> How fragmented is the Healthcare and Social Assistance industry in the US based on the market share distribution?,"The industry appears highly fragmented, with 98% of the market share distributed among 'Other Companies', indicating a lack of dominant players.","{'page': 53, 'file': '62 Healthcare and Social Assistance in the US Industry Report.pdf', 'source_type': 'plot', 'answer_type': 'other', 'references': '[53, 46, 11]'}"
137> Which company has the largest market share in the US Healthcare and Social Assistance industry according to the data?,"Hca Healthcare, Inc. has the largest market share at 1.5%.","{'page': 54, 'file': '62 Healthcare and Social Assistance in the US Industry Report.pdf', 'source_type': 'table', 'answer_type': 'numeric', 'references': '[53, 11, 30]'}"
138> What is the highest revenue among the companies listed in the US Healthcare and Social Assistance industry?,"The highest revenue is $52,649.0 million, generated by Hca Healthcare, Inc.","{'page': 54, 'file': '62 Healthcare and Social Assistance in the US Industry Report.pdf', 'source_type': 'table', 'answer_type': 'numeric', 'references': '[30, 15, 54]'}"
139> Which company in the US Healthcare and Social Assistance industry has the highest profit margin?,Quest Diagnostics Inc. has the highest profit margin at 23.8%.,"{'page': 54, 'file': '62 Healthcare and Social Assistance in the US Industry Report.pdf', 'source_type': 'table', 'answer_type': 'numeric', 'references': '[54, 19, 15]'}"
140> Are there any companies in the US Healthcare and Social Assistance industry operating at a loss based on the provided data?,"Yes, Brookdale Senior Living Inc. is operating at a loss with a profit of -$174.2 million and a profit margin of -5.3%.","{'page': 54, 'file': '62 Healthcare and Social Assistance in the US Industry Report.pdf', 'source_type': 'table', 'answer_type': 'other', 'references': '[9, 53, 15]'}"
141> What are the projected revenue and profit figures for the Healthcare and Social Assistance industry in the US for 2024?,The projected industry revenue for 2024 is $52.6bn and the projected industry profit is $6.6bn.,"{'page': 55, 'file': '62 Healthcare and Social Assistance in the US Industry Report.pdf', 'source_type': 'text', 'answer_type': 'numeric', 'references': '[15, 56, 16]'}"
142> How many employees are expected to be working in the Healthcare and Social Assistance industry in the US by 2024?,"The total number of employees projected for 2024 is 290,000.","{'page': 55, 'file': '62 Healthcare and Social Assistance in the US Industry Report.pdf', 'source_type': 'text', 'answer_type': 'numeric', 'references': '[17, 56, 18]'}"
"143> What is Hca Healthcare, Inc.'s projected market share in the Healthcare and Social Assistance industry for 2024?","Hca Healthcare, Inc.'s projected market share for 2024 is 1.5%.","{'page': 55, 'file': '62 Healthcare and Social Assistance in the US Industry Report.pdf', 'source_type': 'text', 'answer_type': 'numeric', 'references': '[55, 54, 11]'}"
"144> In which industries does Hca Healthcare, Inc. have a notable market share in the US?","Hca Healthcare, Inc. has a notable market share in at least three industries: Healthcare and Social Assistance, Hospitals, and Ambulatory Surgery Centers.","{'page': 55, 'file': '62 Healthcare and Social Assistance in the US Industry Report.pdf', 'source_type': 'text', 'answer_type': 'other', 'references': '[55, 54, 11]'}"
"145> How has Hca Healthcare, Inc.'s industry revenue and market share changed from 2008 to 2014?","The industry revenue increased from $20,382 million in 2008 to $30,366 million in 2014, while the market share grew from 1.1% to 1.4% during the same period.","{'page': 55, 'file': '62 Healthcare and Social Assistance in the US Industry Report.pdf', 'source_type': 'table', 'answer_type': 'numeric', 'references': '[55, 54, 79]'}"
146> What is the projected value for the US Healthcare and Social Assistance industry in 2024?,The projected value for the US Healthcare and Social Assistance industry in 2024 is 52649.,"{'page': 56, 'file': '62 Healthcare and Social Assistance in the US Industry Report.pdf', 'source_type': 'table', 'answer_type': 'numeric', 'references': '[56, 77, 15]'}"
147> In which year did the US Healthcare and Social Assistance industry experience its highest growth rate?,"The highest growth rate was in 2016, with a value increase from 35408 to 41490.","{'page': 56, 'file': '62 Healthcare and Social Assistance in the US Industry Report.pdf', 'source_type': 'table', 'answer_type': 'other', 'references': '[56, 75, 15]'}"
148> How has the value of the US Healthcare and Social Assistance industry changed from 2020 to 2023?,"The value increased from 51533 in 2020 to 52649 in 2023, and has remained stable at 52649 from 2021 to 2023.","{'page': 56, 'file': '62 Healthcare and Social Assistance in the US Industry Report.pdf', 'source_type': 'table', 'answer_type': 'numeric', 'references': '[77, 75, 56]'}"
149> What is Quest Diagnostics Inc.'s market share in the Healthcare and Social Assistance industry in the US for 2024?,Quest Diagnostics Inc.'s market share in the Healthcare and Social Assistance industry in the US for 2024 is 0.3%.,"{'page': 57, 'file': '62 Healthcare and Social Assistance in the US Industry Report.pdf', 'source_type': 'text', 'answer_type': 'numeric', 'references': '[58, 57, 11]'}"
150> What is the projected industry revenue for Quest Diagnostics Inc. in 2024?,The projected industry revenue for Quest Diagnostics Inc. in 2024 is $10.3bn.,"{'page': 57, 'file': '62 Healthcare and Social Assistance in the US Industry Report.pdf', 'source_type': 'text', 'answer_type': 'numeric', 'references': '[57, 58, 58]'}"
151> What are the main brands and trading names associated with Quest Diagnostics Inc.?,"The main brands and trading names associated with Quest Diagnostics Inc. are AmeriPath, Dermpath Diagnostics, ExamOne, Quanum, and Quest Diagnostics.","{'page': 57, 'file': '62 Healthcare and Social Assistance in the US Industry Report.pdf', 'source_type': 'text', 'answer_type': 'other', 'references': '[57, 58, 58]'}"
152> In which other industries does Quest Diagnostics Inc. operate within the US healthcare sector?,"Quest Diagnostics Inc. operates in Clinical Trial Support Services, Diagnostic & Medical Laboratories, and Toxicology Laboratories in the US healthcare sector.","{'page': 57, 'file': '62 Healthcare and Social Assistance in the US Industry Report.pdf', 'source_type': 'text', 'answer_type': 'other', 'references': '[57, 58, 58]'}"
153> How has Quest Diagnostics Inc.'s industry revenue changed from 2008 to 2013?,"Quest Diagnostics Inc.'s industry revenue increased from $5253 million in 2008 to $6237 million in 2013, showing steady growth over the period.","{'page': 57, 'file': '62 Healthcare and Social Assistance in the US Industry Report.pdf', 'source_type': 'table', 'answer_type': 'numeric', 'references': '[57, 58, 58]'}"
154> What is the projected market size for Healthcare and Social Assistance in the US for 2024?,The projected market size for Healthcare and Social Assistance in the US for 2024 is 10335.,"{'page': 58, 'file': '62 Healthcare and Social Assistance in the US Industry Report.pdf', 'source_type': 'table', 'answer_type': 'numeric', 'references': '[56, 15, 17]'}"
155> How has Quest Diagnostics' COVID-19 testing capability evolved since 2020?,"Since introducing COVID-19 tests in March 2020, Quest Diagnostics has performed about 65.0 million COVID-19 molecular diagnostic tests, expanded from a single laboratory to two dozen labs throughout the US, received 20 emergency use authorizations from the FDA, developed advanced testing capabilities, and collaborated with the CDC and other entities to identify COVID-19 variants.","{'page': 58, 'file': '62 Healthcare and Social Assistance in the US Industry Report.pdf', 'source_type': 'text', 'answer_type': 'other', 'references': '[58, 58, 57]'}"
156> What recent acquisition has Quest Diagnostics made in the patient engagement sector?,"In 2022, Quest Diagnostics entered into an agreement to purchase Pack Health, a patient-engagement company that helps individuals adopt healthier behaviors and specializes in addressing chronic health conditions and comorbidities affected by mental health, lifestyle behavior, access to care and social determinants of health.","{'page': 58, 'file': '62 Healthcare and Social Assistance in the US Industry Report.pdf', 'source_type': 'text', 'answer_type': 'other', 'references': '[58, 57, 58]'}"
157> What are the key practices related to LGBTQ+ workplace equality in the US healthcare and social assistance industry?,"The image mentions practices related to LGBTQ+ workplace equality, but does not provide specific details about these practices.","{'page': 59, 'file': '62 Healthcare and Social Assistance in the US Industry Report.pdf', 'source_type': 'text', 'answer_type': 'other', 'references': '[59, 34, 48]'}"
158> What is the projected revenue for Feeding America in 2024?,The projected revenue for Feeding America in 2024 is $3.4bn.,"{'page': 60, 'file': '62 Healthcare and Social Assistance in the US Industry Report.pdf', 'source_type': 'text', 'answer_type': 'numeric', 'references': '[60, 60, 61]'}"
159> How has Feeding America's profit margin changed from 2016 to 2024?,Feeding America's profit margin has increased significantly from 0.5% in 2016 to 8.5% in 2024.,"{'page': 60, 'file': '62 Healthcare and Social Assistance in the US Industry Report.pdf', 'source_type': 'table', 'answer_type': 'other', 'references': '[60, 60, 61]'}"
160> What is Feeding America's market share in the Healthcare and Social Assistance industry in 2024?,Feeding America's market share in the Healthcare and Social Assistance industry in 2024 is 0.1%.,"{'page': 60, 'file': '62 Healthcare and Social Assistance in the US Industry Report.pdf', 'source_type': 'text', 'answer_type': 'numeric', 'references': '[60, 11, 54]'}"
161> In which industries does Feeding America have a notable market share besides Healthcare and Social Assistance?,"Feeding America has a notable market share in Community Food Services, Natural Disaster & Emergency Relief Services, and Healthcare and Social Assistance industries.","{'page': 60, 'file': '62 Healthcare and Social Assistance in the US Industry Report.pdf', 'source_type': 'text', 'answer_type': 'other', 'references': '[60, 11, 61]'}"
162> What was the percentage increase in private donations received by Feeding America?,Feeding America received a 19.0% increase in private donations.,"{'page': 61, 'file': '62 Healthcare and Social Assistance in the US Industry Report.pdf', 'source_type': 'text', 'answer_type': 'numeric', 'references': '[61, 60, 60]'}"
163> What is Feeding America's efficiency rating?,Feeding America has a 99.0% efficiency rating.,"{'page': 61, 'file': '62 Healthcare and Social Assistance in the US Industry Report.pdf', 'source_type': 'text', 'answer_type': 'numeric', 'references': '[61, 60, 60]'}"
164> How much is Feeding America investing to fight food insecurity?,Feeding America is investing $1.0 billion to fight food insecurity.,"{'page': 61, 'file': '62 Healthcare and Social Assistance in the US Industry Report.pdf', 'source_type': 'text', 'answer_type': 'numeric', 'references': '[61, 60, 60]'}"
165> How much did Feeding America raise since the start of the COVID-19 pandemic?,Feeding America reported that it had raised nearly $1.0 billion since the start of the COVID-19 (coronavirus) pandemic.,"{'page': 61, 'file': '62 Healthcare and Social Assistance in the US Industry Report.pdf', 'source_type': 'text', 'answer_type': 'numeric', 'references': '[61, 60, 60]'}"
166> What is the projected revenue and profit for Brookdale Senior Living Inc. in 2024?,"The projected revenue for Brookdale Senior Living Inc. in 2024 is $3.3bn, with a projected loss of $174.2m.","{'page': 62, 'file': '62 Healthcare and Social Assistance in the US Industry Report.pdf', 'source_type': 'text', 'answer_type': 'numeric', 'references': '[62, 62, 63]'}"
167> What is Brookdale Senior Living Inc.'s market share in the Healthcare and Social Assistance industry for 2024?,Brookdale Senior Living Inc.'s market share in the Healthcare and Social Assistance industry for 2024 is projected to be 0.1%.,"{'page': 62, 'file': '62 Healthcare and Social Assistance in the US Industry Report.pdf', 'source_type': 'text', 'answer_type': 'numeric', 'references': '[62, 63, 11]'}"
168> How has Brookdale Senior Living Inc.'s industry revenue changed from 2008 to 2022?,"Brookdale Senior Living Inc.'s industry revenue increased from $3624 million in 2008 to $4977 million in 2016, then decreased to $3276 million in 2022.","{'page': 62, 'file': '62 Healthcare and Social Assistance in the US Industry Report.pdf', 'source_type': 'table', 'answer_type': 'other', 'references': '[62, 62, 63]'}"
169> What trend can be observed in Brookdale Senior Living Inc.'s profit margin from 2008 to 2022?,"Brookdale Senior Living Inc.'s profit margin remained stable at -0.6% from 2008 to 2016, then fluctuated with a significant drop to -13.1% in 2018, before improving to -5.3% in 2022.","{'page': 62, 'file': '62 Healthcare and Social Assistance in the US Industry Report.pdf', 'source_type': 'table', 'answer_type': 'other', 'references': '[62, 62, 63]'}"
170> How has COVID-19 affected Brookdale Senior Living Inc.'s operations in 2022?,"As of January 2022, nearly all Brookdale communities are open for new resident move-ins, and the resident vaccine acceptance rate has surpassed 95.0% as of 2022.","{'page': 63, 'file': '62 Healthcare and Social Assistance in the US Industry Report.pdf', 'source_type': 'text', 'answer_type': 'other', 'references': '[63, 62, 62]'}"
171> What recent expansion or renovation has Brookdale Senior Living undertaken?,"In 2022, Brookdale Senior Living announced the reopening of the Brookdale Galleria, a Houston senior living facility, following a $12.0 million renovation.","{'page': 63, 'file': '62 Healthcare and Social Assistance in the US Industry Report.pdf', 'source_type': 'text', 'answer_type': 'numeric', 'references': '[62, 63, 62]'}"
172> How is Brookdale Senior Living expanding its memory care and Alzheimer's treatment programs?,"In 2021, Brookdale opened several memory care and dementia care additions, including a $12.0 million memory care program at Brookdale Vernon Hills and a $7.5 million Alzheimer's and dementia care community at Brookdale Jackson Oaks.","{'page': 63, 'file': '62 Healthcare and Social Assistance in the US Industry Report.pdf', 'source_type': 'text', 'answer_type': 'numeric', 'references': '[63, 62, 62]'}"
173> What is the projected industry revenue for Fresenius Kabi AG in 2024?,The projected industry revenue for Fresenius Kabi AG in 2024 is $677.5m.,"{'page': 64, 'file': '62 Healthcare and Social Assistance in the US Industry Report.pdf', 'source_type': 'text', 'answer_type': 'numeric', 'references': '[64, 64, 16]'}"
174> How many total employees is Fresenius Kabi AG expected to have in 2024?,"Fresenius Kabi AG is expected to have 42,063 total employees in 2024.","{'page': 64, 'file': '62 Healthcare and Social Assistance in the US Industry Report.pdf', 'source_type': 'text', 'answer_type': 'numeric', 'references': '[64, 64, 17]'}"
175> How has Fresenius Kabi AG's industry revenue changed from 2016 to 2024?,Fresenius Kabi AG's industry revenue increased from $155 million in 2016 to $678 million in 2024.,"{'page': 64, 'file': '62 Healthcare and Social Assistance in the US Industry Report.pdf', 'source_type': 'table', 'answer_type': 'other', 'references': '[64, 64, 16]'}"
176> What has been the trend in Fresenius Kabi AG's profit margin from 2016 to 2024?,Fresenius Kabi AG's profit margin has remained constant at 10.2% from 2016 to 2024.,"{'page': 64, 'file': '62 Healthcare and Social Assistance in the US Industry Report.pdf', 'source_type': 'table', 'answer_type': 'numeric', 'references': '[64, 64, 19]'}"
177> What are the main external factors influencing the Healthcare and Social Assistance industry?,"The main external factors influencing the Healthcare and Social Assistance industry are demographic, economic, and regulatory factors.","{'page': 66, 'file': '62 Healthcare and Social Assistance in the US Industry Report.pdf', 'source_type': 'text', 'answer_type': 'other', 'references': '[12, 67, 22]'}"
178> How regulated is the healthcare and social assistance sector in the US?,"Healthcare and social assistance facilities operate within one of the most regulated environments. A dizzying amount of federal, state and local laws apply in this sector, enforced by multiple agencies and regulators.","{'page': 67, 'file': '62 Healthcare and Social Assistance in the US Industry Report.pdf', 'source_type': 'text', 'answer_type': 'other', 'references': '[70, 71, 69]'}"
179> What financial challenges have healthcare providers recently faced?,"Healthcare providers received over $200.0 billion to ease pandemic-related financial and operational pressures. However, since pandemic relief fizzled out, healthcare facilities have faced unprecedented financial strain.","{'page': 67, 'file': '62 Healthcare and Social Assistance in the US Industry Report.pdf', 'source_type': 'text', 'answer_type': 'numeric', 'references': '[74, 21, 20]'}"
180> What is the projected growth in the number of people with private health insurance for 2024?,The growth in the number of people with private health insurance is projected to be 0.59 for 2024.,"{'page': 67, 'file': '62 Healthcare and Social Assistance in the US Industry Report.pdf', 'source_type': 'plot', 'answer_type': 'numeric', 'references': '[75, 75, 67]'}"
181> What is the projected growth rate for federal funding of Medicare and Medicaid in 2024?,The projected growth rate for federal funding of Medicare and Medicaid in 2024 is 0.99.,"{'page': 68, 'file': '62 Healthcare and Social Assistance in the US Industry Report.pdf', 'source_type': 'plot', 'answer_type': 'numeric', 'references': '[68, 36, 16]'}"
182> What are major sources of revenue for healthcare providers in the US?,Reimbursements from Medicaid and Medicare are a major source of revenue for healthcare providers.,"{'page': 68, 'file': '62 Healthcare and Social Assistance in the US Industry Report.pdf', 'source_type': 'text', 'answer_type': 'other', 'references': '[35, 36, 13]'}"
183> How do Medicaid and Medicare coverage rates affect access to healthcare services?,"Higher coverage rates lower out-of-pocket costs for patients, increasing access to healthcare services.","{'page': 68, 'file': '62 Healthcare and Social Assistance in the US Industry Report.pdf', 'source_type': 'text', 'answer_type': 'other', 'references': '[68, 36, 69]'}"
184> Which age group is a main driver behind rising healthcare spending in the US?,"Adults 65 and older are a main driver behind rising healthcare spending, as this age group requires more frequent, high-cost services.","{'page': 68, 'file': '62 Healthcare and Social Assistance in the US Industry Report.pdf', 'source_type': 'text', 'answer_type': 'other', 'references': '[68, 20, 13]'}"
185> What are the major regulations impacting the US healthcare and social assistance industry?,"The major regulations include the Certificate of Need (CON), Antikickback Statute and Physician Self-Referral Laws, Health Insurance Portability and Accountability Act (HIPAA), The HITECH Act, Centers for Medicare and Medicaid Services provisions, and The No Surprises Act.","{'page': 69, 'file': '62 Healthcare and Social Assistance in the US Industry Report.pdf', 'source_type': 'text', 'answer_type': 'other', 'references': '[70, 69, 71]'}"
186> How does HIPAA affect healthcare providers in the US?,"HIPAA requires all healthcare providers, including mental health and substance abuse clinics, to comply with controls on the use of patient health data, including how it is stored, shared, or sent.","{'page': 69, 'file': '62 Healthcare and Social Assistance in the US Industry Report.pdf', 'source_type': 'text', 'answer_type': 'other', 'references': '[69, 70, 50]'}"
187> What recent regulation has been implemented to protect patients from unexpected medical bills?,"The No Surprises Act (NSA) was implemented on January 1, 2022, establishing new federal protections against surprise medical bills for emergency services, nonemergency services from out-of-network providers at in-network facilities, and services from out-of-network air ambulance service providers.","{'page': 69, 'file': '62 Healthcare and Social Assistance in the US Industry Report.pdf', 'source_type': 'text', 'answer_type': 'other', 'references': '[69, 70, 36]'}"
188> What are the key regulatory bodies overseeing COVID-19 regulations in the US healthcare industry?,"The Centers for Disease Control and Prevention (CDC), the Occupational Safety and Health Administration (OSHA), and the United States Department of Health and Human Services (HHS) are the key regulatory bodies determining and mandating COVID-19 regulations in the US healthcare industry.","{'page': 70, 'file': '62 Healthcare and Social Assistance in the US Industry Report.pdf', 'source_type': 'text', 'answer_type': 'other', 'references': '[70, 69, 71]'}"
189> How widespread are the COVID-19 regulations in the US healthcare sector?,All healthcare industries are subject to various regulations and protocols to mitigate and monitor the spread of COVID-19 and its variants to prevent future outbreaks.,"{'page': 70, 'file': '62 Healthcare and Social Assistance in the US Industry Report.pdf', 'source_type': 'text', 'answer_type': 'other', 'references': '[70, 69, 26]'}"
190> Is there uniformity in COVID-19 regulations across all US states for the healthcare industry?,"No, exact regulation can vary from state to state.","{'page': 70, 'file': '62 Healthcare and Social Assistance in the US Industry Report.pdf', 'source_type': 'text', 'answer_type': 'other', 'references': '[70, 69, 47]'}"
191> How much federal funding did healthcare facilities receive during the COVID-19 pandemic?,"Healthcare facilities were allocated over $100.0 billion from the Coronavirus Aid, Relief and Economic Security (CARES) Act and $75.0 billion from the Paycheck Protection Program.","{'page': 71, 'file': '62 Healthcare and Social Assistance in the US Industry Report.pdf', 'source_type': 'text', 'answer_type': 'numeric', 'references': '[36, 71, 70]'}"
192> What is the scope of the American Hospital Association's membership?,"The American Hospital Association (AHA) comprises over 5,000 hospitals, health care systems, networks and 43,000 individual members.","{'page': 71, 'file': '62 Healthcare and Social Assistance in the US Industry Report.pdf', 'source_type': 'text', 'answer_type': 'numeric', 'references': '[71, 70, 7]'}"
193> What are the main sources of funding for healthcare facilities in the US?,"The main sources include reimbursements from the Centers for Medicare and Medicaid Services (CMS), federal support programs like those during COVID-19, and direct funding or funding that promotes access from the federal government.","{'page': 71, 'file': '62 Healthcare and Social Assistance in the US Industry Report.pdf', 'source_type': 'text', 'answer_type': 'other', 'references': '[36, 71, 68]'}"
194> What is the profit margin for the Healthcare and Social Assistance industry in the US?,The profit margin for the Healthcare and Social Assistance industry in the US is 10.0%.,"{'page': 73, 'file': '62 Healthcare and Social Assistance in the US Industry Report.pdf', 'source_type': 'text', 'answer_type': 'numeric', 'references': '[15, 19, 9]'}"
195> What is the average wage in the Healthcare and Social Assistance sector?,"The average wage in the Healthcare and Social Assistance sector is $59,582.","{'page': 73, 'file': '62 Healthcare and Social Assistance in the US Industry Report.pdf', 'source_type': 'text', 'answer_type': 'numeric', 'references': '[73, 9, 15]'}"
196> What is the largest cost component in the Healthcare and Social Assistance industry?,"The largest cost component in the Healthcare and Social Assistance industry is Wages, accounting for 40.1% of Revenue.","{'page': 73, 'file': '62 Healthcare and Social Assistance in the US Industry Report.pdf', 'source_type': 'text', 'answer_type': 'numeric', 'references': '[30, 9, 10]'}"
197> What are the main cost challenges facing the Healthcare and Social Assistance sector in the US?,"Rising labor, supply, and drug costs characterize the Healthcare and Social Assistance sector. Providers are contending with unprecedented financial challenges across the board.","{'page': 73, 'file': '62 Healthcare and Social Assistance in the US Industry Report.pdf', 'source_type': 'text', 'answer_type': 'other', 'references': '[13, 36, 74]'}"
198> What is the current state of labor supply in the Healthcare and Social Assistance sector?,Labor shortages across this sector persist and are pressuring wage growth. Staffing shortages in the Healthcare and Social Assistance sector predate the pandemic and were made worse as the nation's health and social assistance systems dealt with the onset of COVID-19.,"{'page': 73, 'file': '62 Healthcare and Social Assistance in the US Industry Report.pdf', 'source_type': 'text', 'answer_type': 'other', 'references': '[74, 48, 20]'}"
199> What are the main factors contributing to labor shortages in the healthcare sector?,"Labor shortages are driven by complex reasons varying between settings, exacerbated by the pandemic which led to burnout and career changes among healthcare workers. Shortages of new workers and high turnover rates of existing workers are also contributing factors.","{'page': 74, 'file': '62 Healthcare and Social Assistance in the US Industry Report.pdf', 'source_type': 'text', 'answer_type': 'other', 'references': '[34, 48, 74]'}"
200> How have financial pressures affected profits for healthcare and social assistance providers?,"Financial pressures have eroded profits. While pandemic relief funding kept providers profitable in 2020-2021, a drop-off in funding in 2022 strained providers as costs continued rising. High inflation, rising wages, and increasing operating costs are expected to pressure profits in 2024.","{'page': 74, 'file': '62 Healthcare and Social Assistance in the US Industry Report.pdf', 'source_type': 'text', 'answer_type': 'other', 'references': '[74, 74, 13]'}"
201> What was the trend in revenue per enterprise for the healthcare and social assistance industry between 2005 and 2008?,The revenue per enterprise increased slightly from $1.0 million in 2005 to $1.1 million in 2008.,"{'page': 74, 'file': '62 Healthcare and Social Assistance in the US Industry Report.pdf', 'source_type': 'table', 'answer_type': 'numeric', 'references': '[77, 79, 74]'}"
202> What is the projected growth trend for the US Healthcare and Social Assistance industry from 2024 to 2030?,"The industry is projected to grow steadily, with revenue increasing from $148,559 million in 2024 to $151,328 million in 2030.","{'page': 75, 'file': '62 Healthcare and Social Assistance in the US Industry Report.pdf', 'source_type': 'table', 'answer_type': 'numeric', 'references': '[75, 25, 56]'}"
203> In which year does the US Healthcare and Social Assistance industry reach its highest revenue according to the data?,"The industry reaches its highest revenue of $158,275 million in 2021.","{'page': 75, 'file': '62 Healthcare and Social Assistance in the US Industry Report.pdf', 'source_type': 'table', 'answer_type': 'numeric', 'references': '[56, 15, 75]'}"
204> How has the revenue of the US Healthcare and Social Assistance industry changed from 2009 to 2023?,"The industry revenue has grown from $136,753 million in 2009 to $149,090 million in 2023, showing an overall increase despite some fluctuations.","{'page': 75, 'file': '62 Healthcare and Social Assistance in the US Industry Report.pdf', 'source_type': 'table', 'answer_type': 'numeric', 'references': '[77, 75, 56]'}"
205> What is the projected revenue for the US Healthcare and Social Assistance industry in 2030?,"The projected revenue for the US Healthcare and Social Assistance industry in 2030 is $4,146,094.8 million.","{'page': 77, 'file': '62 Healthcare and Social Assistance in the US Industry Report.pdf', 'source_type': 'table', 'answer_type': 'numeric', 'references': '[77, 15, 13]'}"
206> How many people are expected to be employed in the US Healthcare and Social Assistance industry by 2030?,"By 2030, 27,398,086 people are expected to be employed in the US Healthcare and Social Assistance industry.","{'page': 77, 'file': '62 Healthcare and Social Assistance in the US Industry Report.pdf', 'source_type': 'table', 'answer_type': 'numeric', 'references': '[77, 17, 15]'}"
207> What is the projected number of Healthcare and Social Assistance establishments in the US for 2030?,"The projected number of Healthcare and Social Assistance establishments in the US for 2030 is 3,597,535.","{'page': 77, 'file': '62 Healthcare and Social Assistance in the US Industry Report.pdf', 'source_type': 'table', 'answer_type': 'numeric', 'references': '[77, 75, 56]'}"
208> What are the projected wages for the US Healthcare and Social Assistance industry in 2030?,"The projected wages for the US Healthcare and Social Assistance industry in 2030 are $1,638,488.7 million.","{'page': 77, 'file': '62 Healthcare and Social Assistance in the US Industry Report.pdf', 'source_type': 'table', 'answer_type': 'numeric', 'references': '[77, 75, 75]'}"
209> What was the highest annual revenue growth rate for the Healthcare and Social Assistance industry in the US between 2006 and 2030?,The highest annual revenue growth rate was 4.9% in 2021.,"{'page': 79, 'file': '62 Healthcare and Social Assistance in the US Industry Report.pdf', 'source_type': 'table', 'answer_type': 'numeric', 'references': '[77, 79, 75]'}"
"210> How did employment in the Healthcare and Social Assistance industry change in 2021, and how does this compare to other years?","Employment decreased by 2.0% in 2021, which is the only negative employment growth in the entire dataset.","{'page': 79, 'file': '62 Healthcare and Social Assistance in the US Industry Report.pdf', 'source_type': 'table', 'answer_type': 'numeric', 'references': '[56, 74, 17]'}"
211> In which year did the Healthcare and Social Assistance industry experience the largest divergence between revenue growth and establishment growth?,"In 2010, revenue grew by 2.3% while establishments grew by 3.0%, showing a 0.7 percentage point difference.","{'page': 79, 'file': '62 Healthcare and Social Assistance in the US Industry Report.pdf', 'source_type': 'table', 'answer_type': 'numeric', 'references': '[79, 77, 77]'}"
212> What was the highest annual wage growth rate in the Healthcare and Social Assistance industry between 2006 and 2030?,The highest annual wage growth rate was 4.3% in 2015.,"{'page': 79, 'file': '62 Healthcare and Social Assistance in the US Industry Report.pdf', 'source_type': 'table', 'answer_type': 'numeric', 'references': '[75, 77, 79]'}"
