IBIS Report Name,NAICS Code
3D Printer Manufacturing in the US,333999
3D Printing & Rapid Prototyping Services in the US,323111
Abrasive & Sandpaper Manufacturing in the US,327910
Acai Bowl Shops in the US,722515
Accommodation and Food Services in the US,72
Accounting Services in the US,541211
Acne Treatment Manufacturing OTC in the US,325412
Acoustic & Electric Guitar Manufacturing in the US,339992
Activated Carbon Manufacturing in the US,325998
Acupuncturists in the US,621399
AD&D Insurance,524210
ADHD Medication Manufacturing,325412
Adhesive Manufacturing in the US,325520
AdhesiveTape Manufacturing in the US,322220
Adjustable Bed & Mattress Manufacturing in the US,337910
Adoption & ChildWelfare Services in the US,624110
Adult & PornographicWebsites in the US,519130
Adult Day Care in the US,624120
Adult Diaper Manufacturing in the US,322291
Adult Stores in the US,453210
Advertising Agencies in the US,541810
Aerial Work Platform Manufacturing,333120
Aerospace Engineering Services in the US,541330
Aestheticians in the US,812199
After-School Program Providers in the US,624110
Agribusiness in the US,11
Agricultural Banks in the US,522110
Agricultural Insurance,524210
"Agriculture, Forestry, Fishing and Hunting in the US",11
Air & Gas Compressor Manufacturing in the US,333912
Air Ambulance Services in the US,621910
Air Duct Cleaning Services in the US,561790
Air Gun & Airsoft Gun Manufacturing,332994
Air Purification Equipment Manufacturing in the US,333413
"Aircraft Maintenance, Repair & Overhaul in the US",488190
Aircraft Parts Distributors in the US,423860
"Aircraft, Engine & Parts Manufacturing in the US",336411
"Aircraft, Marine & Railroad Transportation Equipment Wholesaling in the US",423860
Airline Catering Services in the US,488190
Airport Operations in the US,488119
Airport Shuttle Operators,485999
Airport Terminal Construction,236220
"Alarm, Horn & Traffic Control Equipment Manufacturing in the US",334290
Allergists,621111
Allergy Medicine Manufacturing OTC,325412
Alternative Healthcare Providers in the US,621399
Aluminum Manufacturing in the US,331313
Ambulance Manufacturing in the US,336211
Ambulance Services in the US,621910
Ambulatory Surgery Centers in the US,621493
Amusement Parks in the US,713110
Anesthesiologists in the US,621111
Animal Food Production in the US,311111
Animal Health Biotechnology in the US,541714
Animal Shelters in the US,812910
Animal-Assisted Therapy in the US,621399
Antique Stores in the US,453310
Antiseptic Manufacturing,325412
Apartment & Condominium Construction in the US,236116
Apartment Rental in the US,531110
Apparel Knitting Mills in the US,315110
Appliance Repair in the US,811412
"Arcade, Food & Entertainment Complexes in the US",713120
Architects in the US,541310
Armored Transportation Services in the US,561613
Armored Vehicle Manufacturing,336992
Art & Office Supply Manufacturing in the US,339940
Art Classes in the US,611610
Art Dealers in the US,453920
Art Restoration Services in the US,711510
Art Supply Stores in the US,453998
Artificial Grass Turf Installation,238990
"Arts, Entertainment and Recreation in the US",71
Asphalt Manufacturing in the US,324121
Assisted Living Facilities in the US,623312
Athleisure Clothing Manufacturing in the US,315220
Athletic & Sporting Goods Manufacturing in the US,339920
Athletic Event Organizers in the US,711320
Athletic Shoe Stores in the US,448210
ATM Manufacturing in the US,333318
"ATV, Golf Cart & Snowmobile Manufacturing in the US",336999
ATV Manufacturing in the US,336999
ATV Rentals & Tour Services in the US,532284
Auction Houses in the US,453998
Audio & Video Equipment Distributors in the US,423690
Audio & Video Equipment Manufacturing in the US,334310
Audio & Visual Equipment Rental in the US,532210
Audio Production Studios in the US,512240
Audiobook Publishing in the US,511130
Audiologists in the US,621340
Audit Services in the US,541211
Auto Extended Warranty Providers in the US,524210
Auto Glass Repair & Replacement Franchises,811122
"Auto Leasing, Loans & Sales Financing in the US",522220
Auto Maintenance & Repair Franchises,811111
Auto Mechanics in the US,811111
Auto Parts Manufacturing in the US,336390
Auto Parts Remanufacturing in the US,336390
Auto Parts Stores in the US,441310
Auto Parts Wholesaling in the US,423120
Auto Windshield Repair Services in the US,811122
Automated Guided Vehicle Manufacturing in the US,333924
Automatic Fire Sprinkler System Manufacturing in the US,332919
Automobile & Light Duty Motor Vehicle Manufacturing in the US,336111
Automobile Brakes Manufacturing in the US,336340
Automobile Electronics Manufacturing in the US,336320
Automobile Engine & Parts Manufacturing in the US,336310
Automobile Insurance in the US,524126
Automobile Interior Manufacturing in the US,336360
Automobile Metal Stamping in the US,336370
Automobile Steering & Suspension Manufacturing in the US,336330
Automobile Towing in the US,488410
Automobile Transmission Manufacturing in the US,336350
Automobile Wholesaling in the US,423110
Automotive Coatings Manufacturing in the US,325510
Automotive Glass Manufacturing in the US,327211
Autonomous Underwater Vehicle Manufacturing in the US,334511
Axe Throwing Centers in the US,713990
Axle & Transaxle Manufacturing,336350
Baby Food Manufacturing in the US,311230
Background Check Services in the US,561611
Backpack & Courier Bag Manufacturing in the US,316998
Bacon Production in the US,311615
Bagel Stores,311811
Bail Bond Services in the US,812990
Bakery Cafes in the US,722515
Baking Mix & Prepared Food Production in the US,311824
Ball Bearing Manufacturing in the US,332991
Bankruptcy Lawyers & Attorneys in the US,541110
Barbecue & Grill Manufacturing in the US,335210
Barbecue Restaurants in the US,722511
Barber Shops in the US,812111
Bare Printed Circuit Board Manufacturing in the US,334412
Bars & Nightclubs in the US,722410
Battery Manufacturing in the US,335910
Battery Recycling in the US,562920
Battery Store Franchises,441310
Batting Cages in the US,713990
BBQ & Outdoor Cooking Stores in the US,453998
BBQ Charcoal Manufacturing in the US,325998
BBQ Sauce Production in the US,311941
Beach Equipment Rental in the US,532284
Beauty Supply Stores in the US,446120
"Beauty, Cosmetics & Fragrance Stores in the US",446120
Bed & Breakfast & Hostel Accommodations in the US,721191
Bed & Mattress Stores in the US,442110
Beef & Pork Wholesaling in the US,424470
Beef Cattle Production in the US,112111
Beekeeping in the US,112910
Beer Wholesaling in the US,424810
"Beer, Wine & Liquor Stores in the US",445310
Behavioral Therapists in the US,621330
Benefit Administration Services in the US,524292
Bicycle Dealership and Repair in the US,451110
Bicycle Manufacturing in the US,336991
Bike Rental in the US,532284
Billboard & Outdoor Advertising in the US,541850
Billboard & Sign Manufacturing in the US,339950
Biomass Power in the US,221117
Biometrics Scan Software in the US,511210
Bioplastics Manufacturing in the US,325211
Biotechnology in the US,541714
Bleach Manufacturing,325612
Blind & Shade Manufacturing in the US,337920
Blood & Organ Banks in the US,621991
Blow Dry Bars in the US,812112
Blow Molding Machinery Manufacturing,333220
Board Game Manufacturing in the US,339930
Boat Building in the US,336612
Boat Dealership and Repair in the US,441222
Boat Rentals in the US,532284
Body Armor Manufacturing in the US,339113
Body Piercing Studios,812199
Boiler & Heat Exchanger Manufacturing in the US,332410
Book Publishing in the US,511130
Book Stores in the US,451211
"Book, Magazine & Newspaper Wholesaling in the US",424920
Bottled Water Production in the US,312112
Boutique Hotels in the US,721110
Bowling Centers in the US,713950
Boxing Gyms & Clubs in the US,713940
Boxing Promoters,711320
Brand Name Pharmaceutical Manufacturing in the US,325412
Brazilian Jiu-Jitsu Studios in the US,713940
Bread Production in the US,311812
Breakfast Restaurants & Diners in the US,722511
Breweries in the US,312120
Bridal Stores in the US,448190
Bridge & Elevated Highway Construction in the US,237310
Bridge & Structure Painting Contractors,238320
Bubble Tea Shops in the US,722515
Budget Hotel Franchises in the US,721110
Buffet Restaurants,722511
Building Exterior Cleaners in the US,561790
Building Finishing Contractors in the US,238390
Building Inspectors in the US,541350
Building Lighting Control System Manufacturing in the US,335311
Burger Restaurants in the US,722511
Business Analytics & Enterprise Software Publishing in the US,511210
Business Brokers in the US,531210
Business Certification & IT Schools in the US,611420
Business Coaching in the US,541612
Business Concierge Services in the US,561990
Business Information Resellers in the US,519190
Business Insurance in the US,524210
Business Intelligence Software in the US,511210
Business Process Outsourcing Services in the US,541611
Business Service Centers in the US,561439
Business Valuation Firms in the US,541611
Cabinet & Vanity Manufacturing in the US,337110
Cable Networks in the US,515210
Cable Providers in the US,517311
Cable Shopping Networks,454110
CAD Software Developers in the US,511210
Calligraphy Services in the US,711510
Camera & Film Wholesaling in the US,423410
Camera Stores in the US,443142
Campgrounds & RV Parks in the US,721211
Candle Manufacturing in the US,339999
Candy Production in the US,311340
Candy Stores in the US,445292
Cannabis Equipment & Accessory Stores in the US,453998
Canned Fruit & Vegetable Processing in the US,311421
Car & Automobile Manufacturing in the US,336111
Car Airbag Manufacturing in the US,336390
Car Body Shops in the US,811121
Car Rental in the US,532111
Car Sharing Providers in the US,532111
Car Wash & Auto Detailing Franchises,811192
Car Wash & Auto Detailing in the US,811192
Carbon Dioxide Production in the US,325120
Carbon Fiber & Graphene Manufacturing in the US,325211
Card Reward Program Services in the US,541613
Cardboard Box & Container Manufacturing in the US,322211
Cardiologists in the US,621111
Carpenters in the US,238130
Carpet & Floor Covering Distributors,423220
Carpet Cleaning in the US,561740
Carpet Mills in the US,314110
Casino Hotels in the US,721120
Casting Agencies in the US,561311
Catalog & Directory Printing,323111
Catalytic Converter Manufacturing,336390
Caterers in the US,722320
Cattle & Hog Wholesaling in the US,424520
CBD Product Manufacturing in the US,325411
Celebrity & Sports Agents in the US,711410
Cell Phone Recycling in the US,562920
Cell Phone Repair in the US,811211
Cell Site Operation and Leasing in the US,517312
Cell Therapy in the US,621991
Cement Manufacturing in the US,327310
Cementing Oil & Gas Well Services,213112
Cemetery Services in the US,812220
Ceramics Manufacturing in the US,327110
Cereal Production in the US,311230
Chain Restaurants in the US,722511
Charter Flights in the US,481211
Charter Schools in the US,611110
Check Cashing & Payday Loan Services in the US,522390
Cheese Production in the US,311513
Chemical Product Manufacturing in the US,325998
Chemical Wholesaling in the US,424690
Chicken & Turkey Meat Production in the US,311615
Chicken Egg Production in the US,112310
Child Education & Developmental Center Franchises,624410
Child Recreation Center Franchises in the US,713990
Children's & Infants' Clothing Stores in the US,448130
Children's Book Publishing in the US,511130
Children's Fitness Center Franchises,713940
Children's Specialty Hospitals in the US,622310
Chinese Restaurants in the US,722511
Chipping & Grinding Equipment Manufacturing,333120
Chiropractors in the US,621310
Chlorine Manufacturing,325180
Chocolate Production in the US,311351
Chocolate Stores in the US,445292
Cider Production in the US,312130
Cigar Lounges in the US,453991
Cigarette & Tobacco Manufacturing in the US,312230
Cigarette & Tobacco Products Wholesaling in the US,424940
Circuit Board & Electronic Component Manufacturing in the US,334418
Circuit Training Gyms in the US,713940
"Civic, Social & Youth Organizations in the US",813410
Claims Adjusting in the US,524291
Classic Car Dealers in the US,441120
Clay Brick & Product Manufacturing in the US,327120
Cleaning & Maintenance Supplies Distributors in the US,423850
Climbing Gyms in the US,713990
Clinical Trial Data Management Services in the US,541713
Clinical Trial Support Services in the US,541715
Clothing & Apparel Rental in the US,532281
Clothing & Clothing Accessories Wholesaling in the US,424320
Clothing Alteration Services,811490
Clothing Boutiques in the US,448120
Cloud Security Software in the US,511210
Coal & Natural Gas Power in the US,221112
Coal & Ore Wholesaling in the US,423520
Coal Mining in the US,212100
Coated & Laminated Paper Manufacturing in the US,322220
Cocktail Bars in the US,722410
Cocoa & Drinking Chocolate Production,311351
Coffee & Snack Shops in the US,722515
Coffee Creamer Production in the US,311514
Coffee Production in the US,311920
Coffee Store Franchises,722515
Coffin & Casket Manufacturing in the US,339995
Cold Sore Medication Manufacturing,325412
Collaboration & Project Management Software in the US,511210
Colleges & Universities in the US,611310
Colocation Facilities in the US,518210
Combine Harvester Manufacturing,333111
Comedy Clubs in the US,711110
Comic Book Publishing in the US,511130
Commercial Aircraft Leasing in the US,532411
Commercial Auto Insurance in the US,524126
Commercial Banking in the US,522110
Commercial Building Construction in the US,236220
Commercial Cleaning & Sanitation Services in the US,561720
Commercial Cleaning Service Franchises in the US,561720
Commercial Construction Insurance in the US,524210
Commercial Cooking Equipment Manufacturing in the US,333318
Commercial Dishwasher Manufacturing,333318
Commercial Embroidery Services in the US,323113
Commercial Leasing in the US,531120
Commercial Oven Manufacturing,333318
Commercial Property Remodeling in the US,236220
Commercial Real Estate in the US,531120
Commercial Shelving Manufacturing,337215
Commercial Washing Machine Manufacturing in the US,333318
Commodity Contracts Intermediation in the US,523130
Communication Equipment Manufacturing in the US,334220
Community Colleges in the US,611210
Community Food Services in the US,624210
Community Housing & Homeless Shelters in the US,624221
Company Research Services in the US,541910
Compounding Pharmacies in the US,446110
Computer & Packaged Software Wholesaling in the US,423430
Computer & Printer Leasing in the US,532420
Computer Manufacturing in the US,334111
Computer Peripheral Manufacturing in the US,334118
Computer Rental,532420
Computer Stores in the US,443142
Computer-Aided Design Software Developers in the US,511210
Concert & Event Promotion in the US,711320
Concrete Contractors in the US,238110
Concrete Pipe & Block Manufacturing in the US,327330
Concrete Pipe Manufacturing in the US,327330
Concrete Reinforcing Bar Manufacturing,331110
Confectionery Wholesaling in the US,424450
Conferencing Service Providers in the US,517919
Conservation & Human Rights Organizations in the US,813310
Construction & Mining Equipment Wholesaling in the US,423810
Construction in the US,23
Construction Machinery Manufacturing in the US,333120
Construction Machinery Rentals in the US,532412
Construction Project Management Services in the US,541618
Consumer Electronics & Appliances Rental in the US,532210
Consumer Electronics Stores in the US,443142
Consumer Lawyers & Attorneys in the US,541110
Contact Lens Manufacturing,339115
Contract Injection Molding Manufacturing in the US,326199
Contract Pharmaceutical Research Services in the US,541715
Contract Research Organizations in the US,541715
Contractors' Insurance in the US,524210
Convenience Stores in the US,445120
Convention & Visitor Bureaus in the US,561591
Conveyancing Services in the US,541110
Cookie & Wafer Manufacturing in the US,311821
"Cookie, Cracker & Pasta Production in the US",311820
Cooking Classes in the US,611699
Cooking Oil Recycling in the US,562920
Copier & Office Equipment Wholesaling in the US,423420
Copier & Optical Machinery Manufacturing in the US,333316
"Copper Rolling, Drawing & Extruding in the US",331420
"Copper, Nickel, Lead & Zinc Mining in the US",212230
Corn Farming in the US,111150
"Corn, Wheat & Soybean Wholesaling in the US",424510
Corporate Law Firms in the US,541110
Corporate Wellness Services in the US,624190
Correctional Facilities in the US,922140
Corrosion Protection Engineering Services,541330
Cosmetic & Beauty Products Manufacturing in the US,325620
Cosmetic Dentists in the US,621210
Cosmetology & Beauty Schools in the US,611511
Costume & Team Uniform Manufacturing in the US,315240
Cotton Farming in the US,111920
Cotton Personal-Care Product Manufacturing in the US,322291
Cough & Cold Medicine Manufacturing OTC in the US,325412
Countertop Manufacturing in the US,327991
Couriers & Local Delivery Services in the US,492110
Court Reporting Services in the US,561492
Craft Beer Production in the US,312120
Crane Rental Services in the US,532412
Credit Bureaus & Rating Agencies in the US,561450
Credit Card Issuing in the US,522210
Credit Card Processing & Money Transferring in the US,522320
"Credit Counselors, Surveyors & Appraisers in the US",541990
Credit Repair Services in the US,541990
Credit Unions in the US,522130
Cremation Services in the US,812210
Criminal Lawyers & Attorneys,541110
CRM System Providers in the US,511210
Crop Services in the US,115110
Cruise & Travel Agency Franchises,561510
Cruise Line Operators in the US,483112
Cryogenic Biobanking Services in the US,621991
Cryotherapy in the US,621999
Culinary Arts Schools in the US,611519
Curtain & Drape Manufacturing,314120
"Custody, Asset & Securities Services in the US",523991
Custom Screen Printing in the US,323113
Customer Care Centers in the US,561422
Cut & Sew Apparel Contractors in the US,315210
Cut & Sew Apparel Manufacturing in the US,315200
Cutting Tool & Machine Tool Accessory Manufacturing in the US,333515
Cyber Liability Insurance in the US,524210
Daily Deals Sites,454110
Dairy Farms in the US,112120
Dairy Product Production in the US,311500
Dairy Wholesaling in the US,424430
Damage Restoration Services in the US,561730
Dance Schools in the US,611610
Dance Studios in the US,611610
Dancewear Stores in the US,448190
Dark Fiber Network Operators in the US,517311
Data Center Colocation Services in the US,518210
Data Processing & Hosting Services in the US,518210
Data Recovery Services,541519
Database & Directory Publishing in the US,511140
"Database, Storage & Backup Software Publishing in the US",511210
Dating Services in the US,812990
Day Camps in the US,624110
Day Care in the US,624410
Debt Collection Agencies in the US,561440
Debt Relief Services in the US,541990
Deck & Patio Construction in the US,236115
Demolition & Wrecking in the US,238910
Demolition Equipment Manufacturing,333120
Dental Clinical Instrument Manufacturing in the US,339114
Dental Equipment Dealers in the US,423450
Dental Insurance in the US,524114
Dental Laboratories in the US,339116
Dental Schools in the US,611310
Dentists in the US,621210
Department Stores in the US,452210
Dermatologists in the US,621111
"Design, Editing & Rendering Software Publishing in the US",511210
Dessert Stores in the US,722515
Diagnostic & Medical Laboratories in the US,621510
Diagnostic Imaging Centers in the US,621512
Dialysis Centers in the US,621492
Dialysis Equipment Manufacturing,339112
Diaper Manufacturing in the US,322291
Diesel Engine & Parts Wholesaling in the US,423840
Digital Advertising Agencies in the US,541810
Digital Forensic Services,541990
Digital Printing in the US,323111
Direct Mail Advertising in the US,541860
Direct Selling Companies in the US,454390
Direct Selling of Jewelry & Accessories in the US,454390
Disability Insurance in the US,524210
Discount Department Stores in the US,452311
Dishwasher Manufacturing,335220
Disinfectant Manufacturing in the US,325612
Distilleries in the US,312140
Distribution and Logistics Consulting Services in the US,541614
DNA & DNA Forensic Laboratories in the US,621511
Document Digitization Services in the US,518210
Document Management Services in the US,561410
Document Preparation Services in the US,561410
Dog & Pet Breeders in the US,112990
Dog Park Design Services in the US,541320
Dog Training Services in the US,812910
Dog Walking Services in the US,812910
Dollar & Variety Stores in the US,452319
Domestic Airlines in the US,481111
"Donations, Grants & Endowment in the US",813211
Door Installation & Repair Services in the US,238350
Door Lock & Lockset Manufacturing in the US,332510
Doughnut Stores in the US,722515
Dredging Services in the US,237990
Dried Fruit & Vegetable Snack Production in the US,311423
Driving Schools in the US,611692
Drug & Alcohol Rehabilitation Clinics in the US,622210
Drug & Alcohol Test Kit Manufacturing in the US,339112
"Drug, Cosmetic & Toiletry Wholesaling in the US",424210
Dry Cleaners in the US,812320
Dry Docks & Cargo Inspection Services in the US,488390
Dry Pasta Production in the US,311824
Dry Pet Food Production in the US,311111
Dry-Cleaning Service Franchises in the US,812320
Drywall & Insulation Installers in the US,238310
Dump Truck Services in the US,484220
Dumpster Rental in the US,562111
Durable Baby Goods Stores in the US,448210
"DVD, Game & Video Rental in the US",532280
Dye & Pigment Manufacturing in the US,325130
E-Book Publishing in the US,511130
E-cigarette Manufacturing in the US,312230
E-Commerce & Online Auctions in the US,454110
e-Discovery Consulting Services in the US,541611
e-Discovery Software Publishing in the US,511210
e-Trading Software Developers in the US,511210
Early Childhood Learning Centers in the US,624410
Eating Disorder Clinics in the US,622210
Editorial Services in the US,561410
Education Consultants in the US,611710
Educational Services in the US,611000
Educational Software in the US,511210
Egg & Poultry Wholesaling in the US,424440
Elderly & Disabled Services in the US,624120
Electric Power Transmission in the US,221121
Electric Submersible Pump Manufacturing,333914
Electric Transmission Line & Tower Installation in the US,237130
Electric Vehicle Charging Stations in the US,221118
Electrical Equipment Manufacturing in the US,335300
Electrical Equipment Wholesaling in the US,423610
Electricians in the US,238210
Electricity & Signal Testing Instrument Manufacturing,334515
Electronic & Computer Repair Services in the US,811210
Electronic Access Control System Manufacturing in the US,334290
Electronic Article Surveillance Product Manufacturing in the US,334290
Electronic Cigarette & Vape Shops in the US,453998
Electronic Design Automation Software Developers in the US,511210
Electronic Goods Recycling in the US,562920
Electronic Medical Records Systems in the US,511210
Electronic Part & Equipment Wholesaling in the US,423690
Elevator Installation & Service in the US,238290
Elevator Manufacturing in the US,333921
Emergency & Other Outpatient Care Centers in the US,621493
Emergency Veterinary Services in the US,541940
Employee Assistance Program Services in the US,624190
Employee Relocation Services in the US,561439
Employment & Recruiting Agencies in the US,561311
Employment Law Firms in the US,541110
Endodontists in the US,621210
Energy & Utility Consulting Services in the US,541690
Energy Drink Production in the US,312111
Engine & Turbine Manufacturing in the US,333610
Engine Radiator Manufacturing,336390
Engine Rebuilding & Remanufacturing,811310
Engineered Wood Product Manufacturing in the US,321210
Engineering Services in the US,541330
Engraving Services in the US,339950
Enterprise Resource Planning Software Developers in the US,511210
Entertainment Insurance in the US,524210
Environmental Consulting in the US,541620
Environmental Testing in the US,541380
Epilepsy Medication Manufacturing,325412
Escape Rooms in the US,713990
Essential Oil Manufacturing in the US,325998
Estate Lawyers & Attorneys in the US,541110
Estate Liquidation Services in the US,453310
Ethanol Fuel Production in the US,325193
Ethnic Supermarkets in the US,445110
Excavation Contractors in the US,238910
Executive Search Recruiters in the US,561312
Expert Networks in the US,541990
Expert Witness Consulting Services in the US,541990
Explosives Manufacturing in the US,325920
Extended Stay Hotels in the US,721110
Eye Surgery Clinics in the US,621493
Eyebrow Services in the US,812199
Eyeglasses & Contact Lens Stores in the US,446130
Eyeglasses Frames Manufacturing,339115
"Fabric, Craft & Sewing Supplies Stores in the US",451130
Fabricated Structural Metal Manufacturing in the US,332312
Family Clothing Stores in the US,448140
Family Counseling & Crisis Intervention Services in the US,624190
Family Law & Divorce Lawyers & Attorneys in the US,541110
Family Planning & Abortion Clinics in the US,621410
Fantasy Sports Services in the US,713290
Farm Animal Feed Production in the US,311119
Farm Product Storage & Warehousing in the US,493130
Farm Supplies Wholesaling in the US,424910
Farm Supply Stores in the US,444220
"Farm, Lawn & Garden Equipment Wholesaling in the US",423820
Farmers Markets in the US,445230
Fashion Designers in the US,541490
Fast Food Burger Franchises in the US,722513
Fast Food Chicken Franchises,722513
Fast Food Chicken Restaurants in the US,722513
Fast Food Restaurants in the US,722513
Faucet Manufacturing in the US,332913
Fence & Scaffolding Manufacturing in the US,332618
Fence & Scaffolding Rental,532490
Fence Construction in the US,238990
Ferrous Metal Foundry Products in the US,331510
Fertility Clinics in the US,621111
Fertilizer Manufacturing in the US,325310
Fiber-Optic Cable Manufacturing in the US,335921
Field Service Management Software in the US,511210
Film Animation Services in the US,512110
Finance and Insurance in the US,52
Financial Data Service Providers in the US,518210
Financial Planning & Advice in the US,523930
Fine Arts Schools in the US,611610
Fine Dining Restaurants in the US,722511
Fire & Smoke Alarm Manufacturing in the US,334290
Fire Extinguisher Manufacturing,339999
Fire Protection and Security System Installation Contractors in the US,238210
Fire Truck Manufacturing in the US,336211
Firearm Training in the US,611699
Fireplace Services in the US,238220
Fireworks Retailers in the US,453998
Fish & Seafood Aquaculture in the US,112511
Fish & Seafood Markets in the US,445220
Fish & Seafood Wholesaling in the US,424460
Fishing Boat Charter in the US,487210
Fishing in the US,114000
Flag Manufacturing in the US,314999
Flea Markets in the US,453310
Fleet Car Leasing in the US,532112
Fleet Telematics Systems in the US,334220
Floor Covering Stores in the US,442210
Flooring Installers in the US,238330
Florists in the US,453110
Flour Milling in the US,311211
Flower & Nursery Stock Wholesaling in the US,424930
Fluid Power Equipment Distributors in the US,423830
Flying Schools in the US,611512
Food Courts & Halls in the US,722330
Food Delivery Services in the US,492210
Food Processing Equipment Distributors in the US,423830
Food Processor & Blender Manufacturing in the US,335210
Food Safety Training in the US,611699
Food Service Contractors in the US,722310
Food Trucks in the US,722330
Foot Care Product Manufacturing,339113
Footwear Wholesaling in the US,424340
For-Profit Universities in the US,611310
Foreign Currency Exchange Services in the US,523130
Forensic Accounting Services in the US,541211
Forensic Technology Services in the US,541380
Forest Support Services in the US,115310
Forklift & Conveyor Manufacturing in the US,333922
Forklift Manufacturing in the US,333924
Formal Wear & Costume Rental in the US,532281
Franchise Resale Brokers & Consultants,541618
Fraud Detection Software Developers in the US,511210
Freight Forwarding Brokerages & Agencies in the US,488510
Freight Packing & Logistics Services in the US,488991
Fresh Bread & Bakery Goods Wholesaling in the US,424490
Frozen Cake & Pastry Manufacturing in the US,311813
Frozen Food Production in the US,311410
Frozen Food Wholesaling in the US,424420
Frozen Fruit & Juice Production in the US,311411
Frozen Pizza Production in the US,311412
Frozen Yogurt Stores,722515
Fruit & Nut Farming in the US,111300
Fruit & Vegetable Markets in the US,445230
Fruit & Vegetable Wholesaling in the US,424480
Fuel Dealers in the US,454310
Funeral Homes in the US,812210
Furniture Rental Franchises in the US,532210
Furniture Repair & Reupholstery in the US,811420
Furniture Store Franchises in the US,442110
Furniture Stores in the US,442110
Furniture Wholesaling in the US,423210
Garage Door Installation in the US,238290
Garage Door Manufacturing in the US,332321
Gas Detection Device Manufacturing,334519
Gas Pipeline Transportation in the US,486210
Gas Stations in the US,447110
Gas Stations with Convenience Stores in the US,447110
Gasket & Seal Manufacturing in the US,339991
Gasoline & Petroleum Bulk Stations in the US,424710
Gasoline & Petroleum Wholesaling in the US,424720
Gear & Speed Changer Manufacturing in the US,333612
General Freight Trucking (Less Than Truckload) in the US,484122
General Freight Trucking (Truckload) in the US,484121
General Warehousing & Storage in the US,493110
Generator Rental in the US,532490
Generic Pharmaceutical Manufacturing in the US,325412
Geophysical Services in the US,541360
Geothermal Electricity Plant Operation in the US,221116
Ghost Kitchens in the US,722330
Gift Shops & Card Stores in the US,453220
Gin Distilleries in the US,312140
Glass & Glazing Contractors in the US,238150
Glass Product Manufacturing in the US,327215
Glasses & Contact Lens Manufacturing in the US,339115
Glasses & Contacts Wholesaling in the US,423460
Glucose Meter Manufacturing in the US,334510
Go-Kart Racing Tracks in the US,713990
Gold & Silver Ore Mining in the US,212220
Golf Cart Dealers in the US,441228
Golf Cart Manufacturing in the US,336999
Golf Cart Rentals in the US,532284
Golf Courses & Country Clubs in the US,713910
Golf Driving Ranges & Family Fun Centers in the US,713990
Golf Equipment Stores in the US,451110
Golf Resorts in the US,721110
Graphic Designers in the US,541430
Greeting Cards & Other Publishing in the US,511191
Grocery Wholesaling in the US,424410
Group Purchasing Organizations in the US,561990
Gun & Ammunition Stores in the US,451110
Guns & Ammunition Manufacturing in the US,332994
Gutter Services in the US,238170
Gym & Exercise Equipment Manufacturing in the US,339920
Gym & Fitness Franchises in the US,713940
"Gym, Health & Fitness Clubs in the US",713940
Gynecologists & Obstetricians in the US,621111
Gypsum Product Manufacturing in the US,327420
Hair & Nail Salons in the US,812112
Hair Extension Services in the US,812112
Hair Loss Treatment & Removal in the US,812199
Hair Loss Treatment Manufacturing in the US,325620
Hair Removal Services in the US,812199
Hair Salons in the US,812112
Hairdressing & Barber Franchises in the US,812112
Hand Sanitizer Manufacturing in the US,325611
Hand Tool & Cutlery Manufacturing in the US,332216
Hand Tool Manufacturing in the US,332216
"Handbag, Luggage & Accessory Stores in the US",448320
Handyman Service Franchises,561499
Handyman Services in the US,561499
Hard Seltzer Production in the US,312130
Hardware Manufacturing in the US,332510
Hardware Store Franchises,444130
Hardware Stores in the US,444130
Hat & Cap Stores in the US,448150
Hay & Crop Farming in the US,111940
Hazardous Waste Collection in the US,562112
Headphone Manufacturing in the US,334310
Health & Medical Insurance in the US,524114
Health & Medical Reinsurance,524130
Health & Welfare Funds in the US,525120
Health & Wellness Spas in the US,812199
Health Food & Supplement Store Franchises,446191
Health Retreats in the US,721110
Health Stores in the US,446191
Healthcare and Social Assistance in the US,62
Healthcare Consultants in the US,541611
Healthcare Lawyers & Attorneys in the US,541110
Healthcare Staff Recruitment Agencies in the US,561311
Hearing Aid Clinics,446199
Hearing Aid Manufacturing in the US,334510
Hearing Aid Stores in the US,446199
Heating & Air Conditioning Equipment Manufacturing in the US,333415
Heating & Air Conditioning Wholesaling in the US,423730
Heating & Air-Conditioning Contractors in the US,238220
Heavy Duty Truck Parts Dealers in the US,423140
Heavy Engineering Construction in the US,237990
Heavy Equipment Rental in the US,532412
Heavy-Duty Diesel Engine Manufacturing in the US,333618
Heavy-Duty OTR Tire Manufacturing,326211
Hedge Funds in the US,523920
Helium Production,325120
Herbal Tea Production in the US,311920
High Frequency Trading in the US,523210
High Fructose Corn Syrup Production,311221
Hiking & Outdoor Equipment Stores in the US,451110
Historic Sites in the US,712120
HMO Providers in the US,524114
Hobby & Toy Stores in the US,451120
Hog & Pig Farming in the US,112210
Hoist & Winch Manufacturing,333923
Home Automation Services in the US,238210
Home Builders in the US,236115
Home Care Providers in the US,621610
Home Furnishing Wholesaling in the US,423220
Home Furnishings Stores in the US,442200
Home Furniture Rental in the US,532210
Home Improvement Stores in the US,444110
Home Medical Equipment Rentals in the US,532283
Home Warranty Providers in the US,524210
Homeopathic Medicine Manufacturing,325412
Homeopaths in the US,621399
Homeowners' Associations in the US,813990
Homeowners' Insurance in the US,524126
Hops Farming in the US,111990
Horse & Other Equine Production in the US,112920
Horse Racing Tracks in the US,711212
Horse Training Services in the US,115210
Hose & Belt Manufacturing in the US,326220
Hosiery Mills in the US,315110
Hospices & Palliative Care Centers in the US,621610
Hospital Bed Manufacturing in the US,339113
Hospital Construction in the US,236220
Hospitals in the US,622110
Hot Dog & Sausage Production in the US,311612
Hot Sauce Production in the US,311941
Hot Tub Manufacturing in the US,337910
Hotel Construction in the US,236220
Hotels & Motels in the US,721110
House Painting & Decorating Contractors in the US,238320
Household Appliance Stores in the US,443141
Household Furniture Manufacturing in the US,337122
Housing Developers in the US,236117
HR & Payroll Software in the US,511210
HR Consulting in the US,541612
Human Resources & Benefits Administration in the US,541612
Hunting & Fishing Supplies Stores in the US,451110
Hunting & Trapping in the US,114210
HVAC Service Franchises in the US,238220
Hybrid & Electric Vehicle Manufacturing in the US,336112
Hydraulic Fracturing Services in the US,213112
Hydroelectric Power in the US,221111
Hydroponic Crop Farming in the US,111419
Hydroponic Growing Equipment Stores in the US,444220
Ice Cream & Gelato Store Franchises,722515
Ice Cream Production in the US,311520
Ice Cream Stores in the US,722515
Ice Making Machine Manufacturing,333415
Ice Manufacturing in the US,312113
Ice Rinks in the US,713940
Identity Management Software in the US,511210
Identity Theft Insurance,524210
Identity Theft Protection Services in the US,561611
Immigration Lawyers & Attorneys in the US,541110
In-Home Senior Care Franchises,621610
Independent Label Music Production in the US,512230
Indian Restaurants in the US,722511
Indoor Climbing Walls in the US,713990
Indoor Cycling Workout Classes in the US,713940
Indoor Marble Contractors in the US,238340
Indoor Play Centers in the US,713990
Indoor Sports Facilities Management in the US,713990
Industrial & Commercial Fan & Blower Manufacturing,333413
Industrial & Fluid Power Valve Manufacturing in the US,332911
Industrial Banks in the US,522190
Industrial Building Construction in the US,236210
Industrial Chocolate Production in the US,311351
Industrial Designers in the US,541420
Industrial Equipment Rental & Leasing in the US,532490
Industrial Hemp Production in the US,111998
Industrial Laundry & Linen Supply in the US,812331
Industrial Machinery & Equipment Wholesaling in the US,423830
Industrial Spraying Equipment Manufacturing in the US,333912
Industrial Supplies Wholesaling in the US,423840
Infant Formula Manufacturing in the US,311514
Infectious Disease Specialists in the US,621111
Information in the US,51
Ink Manufacturing in the US,325910
Inkjet & Toner Replacement Store Franchises in the US,443142
Inland Water Transportation in the US,483211
Inorganic Chemical Manufacturing in the US,325180
Insect Repellent Manufacturing,325620
Installment Lenders in the US,522291
Institutional Pharmacies in the US,446110
Insulation Contractors in the US,238310
Insulin Manufacturing in the US,325414
Insurance Brokers & Agencies in the US,524210
Insurance Claims Processing Software in the US,511210
Intellectual Property Licensing in the US,533110
Interior Designers in the US,541410
Intermodal Container Leasing in the US,532411
International Airlines in the US,481112
International Trade Financing,522293
Internet Hosting Services in the US,518210
Internet Publishing and Broadcasting in the US,519130
Internet Radio Broadcasting in the US,519130
Internet Service Providers in the US,517311
Interval Training Gyms in the US,713940
Intravenous (IV) Hydration Centers in the US,621999
Intravenous (IV) Solution Manufacturing in the US,325412
Investigation Services in the US,561611
Investment Banking & Securities Dealing in the US,523110
Investment Banking & Securities Intermediation in the US,523110
Invoice Factoring in the US,522299
Iron & Steel Manufacturing in the US,331110
Iron Ore Mining in the US,212210
IT Consulting in the US,541512
IT Security Consulting in the US,541512
Italian Restaurants in the US,722511
Janitorial Equipment Supply Wholesaling in the US,423850
Janitorial Services in the US,561720
Japanese Restaurants in the US,722511
Jet Ski Rental in the US,532284
Jewelry & Watch Wholesaling in the US,423940
Jewelry Manufacturing in the US,339910
Jewelry Stores in the US,448310
Job Training & Career Counseling in the US,624310
Juice & Smoothie Bars in the US,722515
Juice Production in the US,312130
Karaoke Bars,722410
Kayak Rental in the US,532284
Kickboxing Studios in the US,713940
Kitchen & Cookware Stores in the US,445299
Kombucha Production in the US,312130
Korean Restaurants,722511
Laboratory Casework Manufacturing,337127
Laboratory Design & Build Contractors in the US,236220
Laboratory Fume Hoods Manufacturing,339113
Laboratory Information Management Systems in the US,511210
Laboratory Supply Wholesaling in the US,423490
Laboratory Testing Services in the US,541380
Laminated Plastics Manufacturing in the US,326130
Lamp & Lighting Stores in the US,442299
LAN Gaming Centers in the US,713290
Land Development in the US,237210
Land Leasing in the US,531190
Landscape Design in the US,541320
Landscaping & Gardening Franchises in the US,561730
Landscaping Services in the US,561730
Language Instruction in the US,611630
Language Learning Software Developers in the US,511210
Laser Tag Arenas,713990
Laundromats in the US,812310
Law Firms in the US,541110
Lawn & Outdoor Equipment Stores in the US,444210
Lawn and Garden Equipment Manufacturing in the US,333112
Lawn Sprinkler Installation Contractors in the US,238220
Learning Management Software in the US,511210
Leather Good & Luggage Manufacturing in the US,316990
Leather Tanning & Finishing in the US,316110
LED Manufacturing in the US,334413
Libraries & Archives in the US,519120
Licensed Sports Apparel Stores in the US,448150
Life Coaches in the US,611430
Life Insurance & Annuities in the US,524113
Lighting & Bulb Manufacturing in the US,335110
Lighting Fixtures Manufacturing in the US,335120
Lime Manufacturing in the US,327410
Limousine & Town Car Services in the US,485320
Lingerie Stores in the US,448190
"Lingerie, Swimwear & Bridal Stores in the US",448190
Lipstick Manufacturing in the US,325620
Lithium Battery Manufacturing in the US,335910
Live Performance Theaters in the US,711110
Livestock Production Support Services in the US,115210
"Loan Administration, Check Cashing & Other Services in the US",522390
Loan Brokers in the US,522310
Local Freight Trucking in the US,484110
Local Refrigerated Trucking in the US,484220
Local Specialized Freight Trucking in the US,484220
Locksmiths in the US,561622
Logging in the US,113310
Long Term Care Insurance in the US,524114
Long-Distance Freight Trucking in the US,484121
Long-Distance Refrigerated Trucking in the US,484230
Lotteries & Native American Casinos in the US,713290
Lubricant Oil Manufacturing in the US,324191
Lumber & Building Material Stores in the US,444110
Lumber Wholesaling in the US,423310
Lumber Yards in the US,444110
Machine Shop Services in the US,332710
Machinery Maintenance & Heavy Equipment Repair Services in the US,811310
Magazine & Periodical Publishing in the US,511120
Magicians in the US,711510
"Maids, Nannies & Gardeners in the US",561720
Mail Order in the US,454110
Major Household Appliance Manufacturing in the US,335220
Major Label Music Production in the US,512250
Major Smart Appliance Manufacturing in the US,335220
Makeup Artists in the US,812119
Mall Carts & Kiosks in the US,453998
Management Consulting in the US,541611
Manufactured Home Dealers in the US,453930
Manufactured Home Wholesaling in the US,423390
Manufacturing in the US,31-33
Marble Product Manufacturing in the US,327991
Margarine & Cooking Oil Processing in the US,311225
Marinas in the US,713930
Marine Salvage Services,488390
Market Research in the US,541910
Marketing Consultants in the US,541613
Marriage Counselors in the US,621330
Martial Arts Studios in the US,713940
Masonry in the US,238140
Massage Franchises,812199
Massage Schools in the US,611519
Massage Services in the US,812199
Material Handling Equipment Distributors in the US,423830
Maternity Wear Stores in the US,448190
Mattress Manufacturing in the US,337910
Mayonnaise Production,311941
Meal Kit Delivery Services in the US,454110
Meal Replacement Product Manufacturing in the US,311999
Meat Alternatives Production in the US,311991
Meat Jerky Production in the US,311612
Meat Markets in the US,445210
"Meat, Beef & Poultry Processing in the US",311610
Media Buying Agencies in the US,541830
Media Representative Firms in the US,541840
"Media Streaming, Social Networks and Other Content Providers in the US",519130
Mediation Services in the US,541990
Medical & Recreational Marijuana Growing in the US,111998
Medical & Recreational Marijuana Stores in the US,453998
Medical Adhesives & Sealants Manufacturing in the US,325520
Medical Billing Services in the US,541219
Medical Case Management Services in the US,621999
Medical Claims Processing Services in the US,524291
Medical Device Manufacturing in the US,339112
Medical Equipment Rental in the US,532283
Medical Equipment Repair & Maintenance Services in the US,811219
Medical Group Practice Management in the US,621111
Medical Instrument & Supply Manufacturing in the US,339112
Medical Malpractice Insurance,524126
Medical Marijuana Dispensaries in the US,453998
Medical Patient Financing in the US,522291
Medical Supplies Wholesaling in the US,423450
Medical Waste Disposal Services in the US,562112
Meditation Studios in the US,812199
Mediterranean Restaurants in the US,722511
Memory Care Providers in the US,623312
Men's & Boys' Apparel Manufacturing in the US,315220
Men's & Boys' Apparel Wholesaling in the US,424320
Men's Clothing Stores in the US,448110
Mental Health & Substance Abuse Centers in the US,622210
Mental Health & Substance Abuse Clinics in the US,621420
Merchant Banking Services in the US,522110
Metal Can & Container Manufacturing in the US,332430
Metal Door Manufacturing,332321
Metal Pipe & Tube Manufacturing in the US,331210
Metal Plating & Treating in the US,332813
Metal Stamping & Forging in the US,332111
Metal Tank Manufacturing in the US,332420
Metal Wholesaling in the US,423510
Metalworking Machinery Manufacturing in the US,333510
Methanol Production in the US,325199
Mexican Restaurants in the US,722511
Midwives & Doulas in the US,621399
Millwork in the US,321911
Millwork Product Wholesaling,423310
Mineral & Phosphate Mining in the US,212390
Mineral Product Manufacturing in the US,327999
Miniature Golf Courses in the US,713990
Mining in the US,21
"Mining, Oil & Gas Machinery Manufacturing in the US",333132
Mobile Storage Services in the US,531130
Mobility Equipment Stores in the US,446199
Model Agencies,711410
Molybdenum & Metal Ore Mining in the US,212299
Monument Makers in the US,327991
Motion Picture & Theatrical Equipment Rental in the US,532490
Motor Oil Manufacturing in the US,324191
Motorcycle Dealership and Repair in the US,441228
"Motorcycle, Bike & Parts Manufacturing in the US",336991
Mouthwash Manufacturing in the US,325611
Movie & Video Distribution in the US,512110
Movie & Video Production in the US,512110
Movie Rental Kiosks in the US,532230
Movie Theaters in the US,512131
Moving Services in the US,484210
Municipal Building Construction in the US,236220
Museums in the US,712110
Music Publishing in the US,512230
Music Streaming Services in the US,519130
Musical Groups & Artists in the US,711130
Musical Instrument & Supplies Stores in the US,451140
Musical Instrument Rental Services in the US,532290
Musical Instrument Repair Services in the US,811490
National Parks & Other Nature Institutions,712190
Natural Disaster & Emergency Relief Services in the US,624230
Natural Food Coloring Manufacturing,325199
Natural Gas Distribution in the US,221210
Natural Gas Liquid Processing in the US,211130
Navigational Instrument Manufacturing in the US,334511
Nephrologists in the US,621111
New Car Dealers in the US,441110
News Syndicates in the US,519110
Newspaper Publishing in the US,511110
Newsprint Manufacturing in the US,322122
Newswire Services in the US,519110
Night Vision Equipment Manufacturing in the US,334519
Non-Hotel Casinos in the US,713210
Nondestructive Testing Services in the US,541380
Nonferrous Metal Foundry Products Manufacturing in the US,331520
Nonferrous Metal Recycling in the US,423930
Nonferrous Metal Refining in the US,331410
Nonferrous Metal Rolling & Alloying in the US,331490
Nonresidential Property Managers in the US,531312
Nuclear Power in the US,221113
Nurse Practitioners in the US,621399
Nursery & Garden Stores in the US,444220
Nursery Schools in the US,624410
Nursing Care Facilities in the US,623110
Nursing Schools in the US,611310
Nutritionists & Dietitians in the US,621399
Occupational Health & Workplace Safety Services in the US,624310
Occupational Therapists in the US,621340
Ocean & Coastal Transportation in the US,483111
Office Furniture Manufacturing in the US,337211
Office Furniture Rental,532420
Office Plant Services in the US,561730
Office Staffing & Temp Agencies in the US,561320
Office Stationery Manufacturing in the US,322230
Office Stationery Wholesaling in the US,424120
Office Supply Stores in the US,453210
Officiant Services in the US,812990
Offshore Oil Rig & Platform Construction in the US,237120
Oil & Gas Field Services in the US,213112
Oil & Gas Pipeline Construction in the US,237120
Oil and Gas Drilling Equipment Manufacturing in the US,333132
Oil Change Services in the US,811191
Oil Drilling & Gas Extraction in the US,211120
Oil Field Drilling Services in the US,213111
Oil Pipeline Transportation in the US,486110
"Oil, Gas & Mining Consultants in the US",541330
Oilseed Farming in the US,111110
Olive Oil Production,311225
Oncologists in the US,621111
Online Antiques & Collectibles Sales in the US,454110
Online Apartment Rental Services in the US,531311
Online Art Sales in the US,454110
Online Automotive Parts & Accessories Sales in the US,454110
Online Baby & Infant Apparel Sales in the US,454110
Online Baby Product Sales in the US,454110
"Online Beer, Wine & Liquor Sales in the US",454110
Online Book Sales in the US,454110
Online Camera & Camcorder Sales,454110
Online Car Dealers in the US,454110
Online Car Rental,532111
Online Children's Toy Sales in the US,454110
Online Computer & Tablet Sales in the US,454110
Online Computer Software Sales in the US,454110
Online Designer Clothing Sales in the US,454110
Online Event Ticket Sales in the US,454110
Online Eyeglasses & Contact Lens Sales in the US,454110
Online Flower Shops in the US,454110
Online Gambling Services in the US,713290
Online Greeting Card Sales in the US,454110
Online Grocery Sales in the US,454110
Online Gun & Ammunition Sales in the US,454110
Online Handbag & Luggage Sales in the US,454110
Online Hardware & Tool Sales in the US,454110
Online Hobby & Craft Supplies Sales in the US,454110
Online Home Furnishing Sales in the US,454110
Online Hotel Booking in the US,561510
Online Household Furniture Sales in the US,454110
Online Industrial Supplies Sales in the US,454110
Online Insurance Brokers in the US,524210
Online Jewelry & Watch Sales in the US,454110
Online Kitchenware Sales in the US,454110
Online Large Kitchen Appliance Sales in the US,454110
Online Legal Services in the US,541110
Online Medical Supplies Sales in the US,454110
Online Men's Clothing Sales in the US,454110
Online Mortgage Brokers in the US,522310
Online Office & School Supply Sales in the US,454110
Online Office Furniture Sales in the US,454110
Online Original Design T-Shirt Sales in the US,454110
Online Paint Sales in the US,454110
Online Payment Processing Software Developers in the US,511210
Online Perfume & Cosmetic Sales in the US,454110
Online Pet Food & Pet Supply Sales in the US,454110
Online Photo Printing in the US,323111
Online Plumbing & Electrical Supply Sales,454110
Online Recruitment Sites in the US,561311
Online Residential Home Sale Listings in the US,531390
Online Shoe Sales in the US,454110
Online Small Electrical Appliance Sales in the US,454110
Online Sporting Apparel Sales in the US,454110
Online Sporting Goods Sales in the US,454110
Online Stock Brokerages in the US,523120
Online Sunglasses Sales,454110
Online Survey Software in the US,511210
Online Television Sales,454110
Online Tutoring Services in the US,611691
Online Used Book Sales in the US,454110
Online Vitamin & Supplement Sales in the US,454110
Online Weight Loss Services in the US,812990
Online Women's Clothing Sales in the US,454110
Onshore Aquaculture,112511
Open-End Investment Funds in the US,525920
Operating Systems & Productivity Software Publishing in the US,511210
Ophthalmic Instrument Manufacturing in the US,339115
Ophthalmologists in the US,621111
Optical Character Recognition Software,511210
Optometrists in the US,621320
Orange & Citrus Groves in the US,111310
Organic Chemical Manufacturing in the US,325199
Organic Chemical Pipeline Transportation in the US,486990
Organic Crop Farming in the US,111998
Ornamental & Architectural Metalwork Manufacturing in the US,332323
Orphanages & Group Homes in the US,623990
Orthodontists in the US,621210
Orthopedic Products Manufacturing in the US,339113
Orthopedists in the US,621111
Oscilloscope Manufacturing,334515
Outdoor Furniture Manufacturing in the US,337125
Outlet Stores in the US,452311
Oven & Stove Manufacturing,335220
Overhead Crane Manufacturing in the US,333923
Oxygen & Hydrogen Gas Manufacturing in the US,325120
Pacemaker Manufacturing,334510
Packaging & Labeling Services in the US,561910
Packaging Machinery Manufacturing in the US,333993
Packing & Shipping Service Franchises,561910
Pain Management Physicians in the US,621111
Paint & Sip Studios in the US,711510
Paint Manufacturing in the US,325510
Paint Remover Manufacturing,325612
Paint Stores in the US,444120
Paint Wholesaling in the US,424950
Paint-Your-Own Pottery Studios in the US,713990
Paintball Fields,713990
Painters in the US,238320
Pallet & Skid Rental in the US,532490
Paper Bag & Disposable Plastic Product Wholesaling in the US,424130
Paper Mills in the US,322121
Paper Product Manufacturing in the US,322200
Paper Wholesaling in the US,424110
Paperboard Drinking Cup Manufacturing,322299
Paperboard Mills in the US,322130
Parachute Manufacturing,314999
Parking Lots & Garages in the US,812930
Party & Event Planners in the US,561920
Party Supply Rental in the US,532299
Pasta Sauce Production,311421
Pathologists in the US,621111
Patisseries and Cake Shops in the US,311811
Paving Contractors in the US,237310
Pawn Shops in the US,522298
Payroll & Bookkeeping Services in the US,541214
Peanut Butter Production in the US,311911
Pediatric Dentists in the US,621210
Pediatricians in the US,621111
Peer-to-Peer Lending Platforms in the US,522298
Performers & Creative Artists in the US,711510
Perfume & Fragrance Manufacturing in the US,325620
Perfume & Fragrance Stores in the US,446120
Periodontists in the US,621210
Personal Chef Services in the US,722310
Personal Finance & Money Management Software Developers in the US,511210
Personal Injury Lawyers & Attorneys in the US,541110
Personal Protective Equipment Manufacturing in the US,339113
Personal Trainers in the US,812990
Personal Watercraft Manufacturing in the US,336612
Personal Waxing & Nail Salons in the US,812199
Pest Control in the US,561710
Pesticide Manufacturing in the US,325320
Pet Cremation Services in the US,812910
Pet Food & Supplies Wholesaling in the US,424990
Pet Food Production in the US,311111
Pet Funeral & Cremation Services in the US,812910
Pet Grooming & Boarding in the US,812910
Pet Hospice in the US,812910
Pet Insurance in the US,524210
Pet Photography Services in the US,541921
PET Scanner Manufacturing,334517
Pet Stores in the US,453910
Pet Training Services in the US,812910
Pet Transportation Services in the US,485991
Petrochemical Manufacturing in the US,325110
Petroleum Refining in the US,324110
Petting Zoos & Tourist Farms in the US,712130
Petting Zoos in the US,712130
Pharmaceutical Contract Management Consulting in the US,541611
Pharmaceuticals Packing & Labeling Services in the US,561910
Pharmaceuticals Wholesaling in the US,424210
Pharmacies & Drug Stores in the US,446110
Pharmacy & Drug Store Franchises,446110
Pharmacy Benefit Management in the US,524292
Phlebologists in the US,621111
Photo Booth Rental in the US,532299
Photofinishing in the US,812921
Photography in the US,541921
Photography Schools in the US,611610
Physical Therapists in the US,621340
Physical Therapy Rehabilitation Centers in the US,621340
Physician Referral Services in the US,561990
Picture Framing Stores,442299
"Piece Goods, Notions & Other Apparel Wholesaling in the US",424310
Pilates & Yoga Studios in the US,713940
Pizza Restaurant Franchises in the US,722513
Pizza Restaurants in the US,722513
Plant & Flower Growing in the US,111422
Plastic & Resin Manufacturing in the US,325211
Plastic Bottle Manufacturing in the US,326160
"Plastic Film, Sheet & Bag Manufacturing in the US",326110
Plastic Pipe & Parts Manufacturing in the US,326122
Plastic Products Miscellaneous Manufacturing in the US,326199
Plastic Surgeons in the US,621111
Plastics & Rubber Machinery Manufacturing in the US,333220
Plastics Wholesaling in the US,424610
Playground & Park Equipment Manufacturing in the US,339920
Playground Design Services in the US,541320
Plumbers in the US,238220
Plumbing & Heating Supplies Wholesaling in the US,423720
Plumbing Service Franchises,238220
Plus-Size Men's Clothing Stores,448110
Plus-Size Women's Clothing Stores in the US,448120
Podiatrists in the US,621391
Point of Sale Software Developers in the US,511210
Poke Shops in the US,722515
Polystyrene Foam Manufacturing in the US,326140
Pool & Billiard Halls,713990
Pop-Up Shops in the US,454210
Popcorn Production in the US,311340
Port & Harbor Operations in the US,488310
Portable Toilet Rental & Septic Tank Cleaning in the US,562991
Portable Toilet Rental in the US,562991
Portfolio Management & Investment Advice in the US,523930
Portfolio Management in the US,523920
Postal Service in the US,491110
Potato Chip Production in the US,311919
Potato Farming in the US,111211
Powder Coating Services in the US,332812
Power Circuit Breaker Manufacturing,335313
Power Conversion Equipment Manufacturing in the US,335311
Power Tool Manufacturing in the US,333991
Power Tools & Other General Purpose Machinery Manufacturing in the US,333991
Pre-Made Salsa Production in the US,311421
Precast Concrete Manufacturing in the US,327390
Precious Metal Dealers in the US,423940
Precision Agriculture Systems & Services in the US,541690
Prefabricated Home Manufacturing in the US,321992
Premium Pet Food Production in the US,311111
Premium Steak Restaurants in the US,722511
Prepaid Credit & Debit Card Providers in the US,522320
Prepared Frozen Fish Production,311712
Pressure Sensor Manufacturing in the US,334513
Pressure Washing Services in the US,561790
Primary Care Doctors in the US,621111
Prime Mover Generator Sets Manufacturing in the US,335312
Print Advertising Distribution in the US,541870
Printing in the US,323111
Printing Services in the US,323111
"Printing, Paper, Food, Textile & Other Machinery Manufacturing in the US",333240
Private Banking Services in the US,523999
Private Boat Charters in the US,487210
Private Detective Services,561611
"Private Equity, Hedge Funds & Investment Vehicles in the US",523920
Private Jet Charters in the US,481211
Private Music Classes in the US,611610
Private Schools in the US,611110
Product Design Services in the US,541420
Product Returns Management Services in the US,561990
Product Warranty Insurance in the US,524210
Professional Employer Organizations in the US,561330
Professional Organizations in the US,813920
"Professional, Scientific and Technical Services in the US",54
Promotional Products in the US,541890
Propane Tank Exchange Services in the US,454310
Property Management in the US,531310
"Property, Casualty and Direct Insurance in the US",524126
Prosthetics Manufacturing in the US,339113
Protective Eyewear Manufacturing,339115
Protective Sports Equipment Manufacturing in the US,339920
Psychiatric Hospitals in the US,622210
Psychiatrists in the US,621112
Psychic Services in the US,812990
"Psychologists, Social Workers & Marriage Counselors in the US",621330
PTFE (Teflon) Coating Manufacturing in the US,325510
Public Opinion Research in the US,541910
Public Relations Firms in the US,541820
Public School Bus Services in the US,485410
Public Schools in the US,611110
Public Transportation in the US,485100
Pump & Compressor Manufacturing in the US,333911
Qi Gong & Tai Chi Studios in the US,713940
Quick Printing in the US,323111
Racing & Individual Sports in the US,711211
Radar & Satellite Operations in the US,517410
Radio Broadcasting in the US,515112
Radiologists in the US,621111
Rail Maintenance Services in the US,488210
Rail Transportation in the US,482110
Railcar Manufacturing in the US,336510
Railroad Car Rental & Leasing in the US,532411
Railroad Track Construction in the US,237990
Ramen Restaurants in the US,722511
Ready-Mix Concrete Manufacturing in the US,327320
Real Estate Agency Franchises,531210
Real Estate and Rental and Leasing in the US,53
Real Estate Appraisal in the US,531320
Real Estate Asset Management & Consulting in the US,531390
Real Estate Investment Trusts in the US,525990
Real Estate Law Firms in the US,541110
Real Estate Loans & Collateralized Debt in the US,522292
Real Estate Photography in the US,541922
Real Estate Sales & Brokerage in the US,531210
Real Estate Schools in the US,611519
Real-Time Traffic Information Providers in the US,518210
Record Stores in the US,451140
Recordable Media Manufacturing in the US,334613
Recreational Vehicle Dealers in the US,441210
Recreational Vehicle Manufacturing in the US,336214
Recyclable Material Wholesaling in the US,423930
Recycling Facilities in the US,562920
Refined Petroleum Pipeline Transportation in the US,486910
Refrigerated Storage in the US,493120
Refrigeration Equipment Wholesaling in the US,423740
Refrigerator & Freezer Manufacturing,335220
Regional Banks in the US,522110
Reinsurance Carriers in the US,524130
Relaxation Drink Production in the US,312111
Religious Organizations in the US,813110
Remediation & Environmental Cleanup Services in the US,562910
Remodeling in the US,236118
Rendering & Meat Byproduct Processing in the US,311613
Renters' Insurance in the US,524126
Repossession Services,561491
Residential Cleaning Service Franchises,561720
Residential Cleaning Services in the US,561720
Residential Intellectual Disability Facilities in the US,623210
Residential Property Managers in the US,531311
Residential RV & Trailer Park Operators in the US,721211
Residential Senior Care Franchises,623311
Respiratory Protection Equipment Manufacturing in the US,339113
Restaurant & Hotel Equipment Wholesaling in the US,423440
Restaurant Construction in the US,236220
Restaurant Supply Stores in the US,423440
Resume Writing and Editing Services in the US,561410
Retail Store Fixture Dealers in the US,423440
Retail Trade in the US,44-45
Retina Specialists in the US,621111
Retirement & Pension Plans in the US,525110
Retirement Communities in the US,623311
Reverse Mortgages Providers,522292
Rheumatoid Arthritis Medication Manufacturing,325412
Rheumatologists in the US,621111
Ride-Sharing Services in the US,485310
"Risk Management, Insurance Advisory & Consulting in the US",524298
Road & Highway Construction in the US,237310
Robotic Surgery Equipment Manufacturing in the US,334510
Roofing & Siding Contractors in the US,238160
Roofing Contractors in the US,238160
"Roofing, Siding & Insulation Wholesaling in the US",423330
RTD Coffee Production in the US,311920
RTD Mixed Spirit Production in the US,312140
RTD Tea Production in the US,312130
Rubber Product Manufacturing in the US,326200
Rum Production in the US,312140
RV & Camper Van Rental in the US,532120
Safe & Vault Manufacturing in the US,332999
Safety Equipment & Supplies Distributors in the US,423450
Salad Dressing Production in the US,311941
Same-Day Delivery Services in the US,492210
Sand & Gravel Mining in the US,212321
Sandblasting Services in the US,238990
Sandwich & Sub Restaurants in the US,722513
Sandwich & Sub Store Franchises,722513
Sanitary Paper Product Manufacturing in the US,322291
Satellite Telecommunications Providers in the US,517410
Satellite TV Providers in the US,517410
Savings Banks & Thrifts in the US,522120
Savings Institutions & Other Depository Credit Intermediation in the US,522120
Sawmills & Wood Production in the US,321113
Scaffolding Contractors in the US,238990
Scale & Balance Manufacturing,333998
Scheduled and Charter Bus Services in the US,485210
School Supplies Wholesaling in the US,424120
Scientific & Economic Consulting in the US,541690
Scientific Research & Development in the US,541715
Scrap Metal Recycling in the US,423930
"Screw, Nut & Bolt Manufacturing in the US",332722
Seafood Preparation in the US,311710
Search Engines in the US,519130
"Seasoning, Sauce and Condiment Production in the US",311940
Securities Brokering in the US,523120
Security Alarm Services in the US,561621
Security Guard & Patrol Service Franchises,561612
Security Services in the US,561612
Security Software Publishing in the US,511210
Semiconductor & Circuit Manufacturing in the US,334413
Semiconductor Machinery Manufacturing in the US,333242
SEO & Internet Marketing Consultants in the US,541613
"Septic, Drain & Sewer Cleaning Services in the US",562991
Serviced Office Leasing in the US,531120
Settlement Funding Companies,522390
Sewage Treatment Facilities in the US,221320
Sewer & Pipeline Rehabilitation in the US,237110
Sex Therapists in the US,621330
Shared Office Spaces in the US,531120
Shaving Razor Manufacturing in the US,332211
Sheep Farming in the US,112410
"Sheet Metal, Window & Door Manufacturing in the US",332321
Sheet Music Publishers,511130
Sheet-Metal Roofing Manufacturing in the US,332322
Ship Building in the US,336611
Shipping Container Manufacturing in the US,332439
Shoe & Footwear Manufacturing in the US,316210
Shoe Repair in the US,811430
Shoe Stores in the US,448210
Shooting Ranges in the US,713990
Shopping Mall Management in the US,531120
Shortline Railroad Operation in the US,482112
Sightseeing Transportation in the US,487110
Sign & Banner Manufacturing Franchises,339950
Sign & Banner Shops in the US,339950
Silicone Manufacturing in the US,325212
Single Location Full-Service Restaurants in the US,722511
Skate Shops in the US,451110
Ski & Snowboard Rental in the US,532284
Ski & Snowboard Resorts in the US,713920
Ski & Snowboard Shops in the US,451110
Sleep Disorder Clinics in the US,621498
Small Specialty Retail Stores in the US,453998
Smart Meter Manufacturing in the US,334514
Smart Thermostat Manufacturing in the US,334512
Smartphone App Developers in the US,511210
Snack Food Production in the US,311910
Snowplow Manufacturing in the US,333120
Snowplowing Services in the US,561790
Soap & Cleaning Compound Manufacturing in the US,325611
Social Network Game Development in the US,511210
Social Networking Sites in the US,519130
Soda Production in the US,312111
"Soft Drink, Baked Goods & Other Grocery Wholesaling in the US",424490
Software Publishing in the US,511210
Software Testing Services in the US,541519
Solar Farm Developers in the US,221114
Solar Panel Installation in the US,238210
Solar Panel Manufacturing in the US,334413
Solar Power in the US,221114
Solar Water Heater Installation in the US,238220
Soy & Almond Milk Production in the US,311514
Soybean Farming in the US,111110
Soybean Processing in the US,311224
Space Vehicle & Missile Manufacturing in the US,336414
Sparkling Wine Production in the US,312130
Special Needs Transportation in the US,485991
Specialist Doctors in the US,621111
Specialized Storage & Warehousing in the US,493190
Specialty Food Stores in the US,445299
Specialty Hospitals in the US,622310
Speech & Voice Recognition Software Developers in the US,511210
Speech-Language Pathologists in the US,621340
Sporting Goods Stores in the US,451110
Sporting Goods Wholesaling in the US,423910
Sports & Athletic Field Construction in the US,237990
Sports Bars in the US,722410
Sports Coaching in the US,611620
Sports Equipment Rental Services in the US,532284
Sports Franchises in the US,711211
Sports Medicine Practitioners in the US,621111
Sports Memorabilia & Collectibles Stores in the US,453998
Sports Stadium Construction in the US,236220
Stair Contractors in the US,238190
Steam & Air-Conditioning Supply in the US,221330
Steel Framing in the US,238130
Steel Rolling & Drawing in the US,331221
Steel Wire Drawing,331222
Stevedoring & Marine Cargo Handling in the US,488320
Stock & Broth Production,311999
Stock & Commodity Exchanges in the US,523210
Stone Mining in the US,212311
"Stone, Concrete & Clay Wholesaling in the US",423320
Storage & Warehouse Leasing in the US,531130
Street Cleaning Services,561790
Street Vendors in the US,454390
Strip Clubs in the US,721120
Structural Metal Product Manufacturing in the US,332312
Subprime Auto Loans in the US,522291
Sugar Processing in the US,311310
Sugarcane Harvesting in the US,115113
Summer Camps in the US,721214
Sunglasses Stores,446130
Sunscreen Manufacturing in the US,325620
Supermarkets & Grocery Stores in the US,445110
Supply Chain Management Services in the US,541614
Surf Shops in the US,451110
Surgical Apparel Manufacturing in the US,339113
Surgical Instrument Manufacturing in the US,339112
Surveying & Mapping Services in the US,541370
Sushi Restaurants in the US,722511
Sustainable Building Material Manufacturing in the US,327999
SUV & Light Truck Manufacturing in the US,336112
Swimming Pool Cleaning Services in the US,561790
Swimming Pool Construction in the US,238990
Swimming Pool Equipment Stores in the US,453998
Swimming Pools in the US,713940
Synthetic Fiber Manufacturing in the US,325220
Syringes & Injection Needle Manufacturing in the US,339112
Syrup & Flavoring Production in the US,311930
Table Salt Production,311942
Tackle Shops in the US,451110
Tactical & Service Clothing Manufacturing in the US,315990
Taekwondo Studios in the US,611620
Tank & Armored Vehicle Manufacturing in the US,336992
Tank & Refrigeration Trucking in the US,484230
Tanning Salons in the US,812199
Tattoo Artists in the US,812199
Tax Lawyers and Attorneys in the US,541110
Tax Preparation Services in the US,541213
Tax Preparation Software Developers in the US,511210
Taxi & Limousine Services in the US,485310
Taxidermists in the US,711510
Tea Production in the US,311920
Telecommunication Networking Equipment Manufacturing in the US,334210
Telecommunications Resellers in the US,517911
Telehealth Services in the US,621498
Telemarketing & Call Centers in the US,561422
Telephone Wholesaling,423690
Television Broadcasting in the US,515120
Television Production in the US,512110
"Tent, Awning & Canvas Manufacturing in the US",314910
Testing & Educational Support in the US,611710
Textile Mills in the US,313000
The Retail Market for Audio Equipment in the US,443142
The Retail Market for Auto Tires,441320
The Retail Market for Coffee in the US,445299
The Retail Market for Headphones,443142
The Retail Market for Home Furniture & Bedding,442110
The Retail Market for Jewelry,448310
The Retail Market for Laptop Computers,443142
The Retail Market for Musical Instruments,451140
The Retail Market for Outdoor Furniture,442110
The Retail Market for Seasonal Decorations,453220
The Retail Market for Shoes,448210
The Retail Market for Smartphones,443142
The Retail Market for Stationery Products,453210
The Retail Market for Toys,451120
Thermometer Manufacturing,334515
Third-Party Administrators & Insurance Claims Adjusters in the US,524292
Third-Party Logistics in the US,488510
Thrift Stores in the US,453310
Tile & Marble Stores in the US,444210
Tile Installers in the US,238340
Timber Services in the US,113310
Tire & Rubber Recycling in the US,326299
Tire Dealers in the US,441320
Tire Manufacturing in the US,326211
Tire Retreading & Recapping,326212
Tire Wholesaling in the US,423130
Title Insurance in the US,524127
Tobacco Growing in the US,111910
Tobacconists in the US,453991
Tofu Production in the US,311990
Toll Road Operation,488490
Toll Roads & Weigh Stations in the US,488490
Tool & Equipment Rental in the US,532310
Tool & Hardware Wholesaling in the US,423710
Tortilla Production in the US,311830
Tour Operators in the US,561520
Tourism in the US,721110
Toxicology Laboratories in the US,541380
Toy & Craft Supplies Wholesaling in the US,423920
"Toy, Doll & Game Manufacturing in the US",339930
Tractors & Agricultural Machinery Manufacturing in the US,333111
Trade & Technical Schools in the US,611510
Trade Show and Conference Planning in the US,561920
Trademark & Patent Lawyers & Attorneys,541110
Trailer & Camper Manufacturing in the US,336214
Trailer & RV Repair Services in the US,811111
"Train, Subway & Transit Car Manufacturing in the US",336510
Trampoline Parks in the US,713990
Transcription Services in the US,561410
Translation Services in the US,541930
Transmission Line Construction in the US,237130
Transportation and Warehousing in the US,48-49
Travel Agencies in the US,561510
Travel Insurance in the US,524210
Treadmill Manufacturing,339920
Tree & Shrub Farming in the US,111421
Tree Trimming Services in the US,561730
Trial Consultants,541990
Truck & Bus Manufacturing in the US,336120
Truck Dealers in the US,441110
Truck Driving Schools in the US,611519
Truck Rental in the US,532120
Truck Repair in the US,811111
Truck Trailer Dealers in the US,423110
Truck Trailer Manufacturing in the US,336212
Truck-Mounted Crane Manufacturing,333923
"Truck, Trailer & Motor Home Manufacturing in the US",336200
Trusts & Estates in the US,525920
Tugboat & Shipping Navigational Services in the US,488330
Tunnel Construction in the US,237990
Turbocharger Manufacturing in the US,336310
Tutoring & Driving Schools in the US,611691
Tutoring & Test Preparation Franchises,611691
TV & Appliance Wholesaling in the US,423620
Ultrasonic Cleaning Equipment Manufacturing,333318
Unmanned Aerial Vehicle (UAV) Manufacturing in the US,336411
Upholstery Cleaning & Repair Services in the US,811420
Urban Planning Software in the US,511210
Urethane Foam Manufacturing in the US,326150
Urgent Care Centers in the US,621493
Urologists in the US,621111
Used Book Stores in the US,453310
Used Car Dealers in the US,441120
Used Car Parts Wholesaling in the US,423140
Used Goods Stores in the US,453310
Utilities in the US,22
"Vacuum, Fan & Small Household Appliance Manufacturing in the US",335210
Valet Services in the US,812930
Valve Manufacturing in the US,332911
Variable Message Signage Manufacturing,339950
Vegetable Farming in the US,111219
Vegetarian & Vegan Restaurants in the US,722511
Vehicle Shipping Services in the US,488510
Vending Machine Operators in the US,454210
Venous Access Device Manufacturing in the US,339112
Venture Capital & Principal Trading in the US,523920
Veterinary Laboratory Testing Services in the US,541940
Veterinary Services in the US,541940
Video Conferencing Software Developers in the US,511210
Video Game Software Publishing in the US,511210
Video Games in the US,511210
Video Games Software Developers in the US,511210
Video Postproduction Services in the US,512191
Video Streaming Services in the US,518210
Video Surveillance Systems in the US,334290
Videographers in the US,512110
Virtual Data Rooms in the US,518210
Virtual Private Network (VPN) Providers in the US,517919
Virtual Reality Software in the US,511210
Vision Insurance in the US,524114
Visual Arts Schools in the US,611610
Vitamin & Supplement Manufacturing in the US,325411
Vodka Distilleries in the US,312140
VoIP in the US,517911
Walk-in & Cabinet Cooler Manufacturing,333415
Warehouse Clubs & Supercenters in the US,452311
Washer & Dryer Manufacturing,335220
Waste Collection Services in the US,562111
Waste Treatment & Disposal Services in the US,562210
Waste-to-Energy Plant Operation in the US,221119
Watch & Jewelry Repair in the US,811490
Watch Manufacturing in the US,334518
Water & Air Quality Testing Services in the US,541380
Water & Sewer Line Construction in the US,237110
Water Delivery Services in the US,454390
Water Heater Manufacturing in the US,335228
Water Parks in the US,713110
Water Supply & Irrigation Systems in the US,221310
Water Well Drilling Services in the US,237110
Waterproofing Contractors in the US,238390
Watersport Equipment Rental Services in the US,532284
Wearable Device Manufacturing in the US,334310
Weather Forecasting Services in the US,541990
Web Design Services in the US,541511
Web Domain Name Sales in the US,519130
Website Creation Software Developers in the US,511210
Wedding Planners in the US,812990
Wedding Services in the US,812990
Weight Loss Service Franchises,812191
Weight Loss Services in the US,812191
Weight Loss Surgery Centers,622310
Welding Equipment Distributors in the US,423840
"Wheat, Barley & Sorghum Farming in the US",111140
Wheelchair Manufacturing in the US,339113
Whiskey & Bourbon Distilleries in the US,312140
Wholesale Trade Agents and Brokers in the US,425120
Wholesale Trade in the US,42
Wig & Hairpiece Manufacturing in the US,339999
Wig & Hairpiece Stores in the US,446199
Wind Farm Construction in the US,237130
Wind Power in the US,221115
Wind Turbine Installation in the US,237130
Wind Turbine Manufacturing in the US,333611
Window & Door Stores in the US,444190
Window Blind Installation Franchises in the US,238990
Window Coverings Wholesaling,423220
Window Installation in the US,238350
Window Tinting Services in the US,811122
Window Treatment Stores in the US,442291
Window Washing in the US,561720
Wine & Spirits Wholesaling in the US,424820
Wine Bars in the US,722410
Wineries in the US,312130
Wire & Cable Manufacturing in the US,335920
Wire & Spring Manufacturing in the US,332618
Wire Connector Manufacturing in the US,335931
Wired Telecommunications Carriers in the US,517311
Wireless Internet Service Providers in the US,517312
Wireless Telecommunications Carriers in the US,517312
Wireless Tower Construction in the US,237130
Wiring Device Manufacturing in the US,335930
Women's & Children's Apparel Wholesaling in the US,424330
Women's Clothing Stores in the US,448120
"Women's, Girls' and Infants' Apparel Manufacturing in the US",315240
Wood Door & Window Manufacturing in the US,321911
Wood Flooring Manufacturing in the US,321918
Wood Framing in the US,238130
Wood Pallets & Skids Production in the US,321920
Wood Paneling Manufacturing in the US,321918
Wood Product Manufacturing in the US,321999
Wood Pulp Mills in the US,322110
Woodworking Machinery Manufacturing in the US,333243
Workers' Compensation & Other Insurance Funds in the US,524130
Workers' Compensation Insurance in the US,524126
Wound Care Product Manufacturing in the US,339113
X-Ray Machine Manufacturing in the US,334517
Yeast & Bacteria for Food Production in the US,311999
Yogurt Production in the US,311511
Zipline Operators in the US,713990
Zoos & Aquariums in the US,712130
